book_id,book_name
54220," Maya 2015大师课—材质、灯光与渲染 锁亚龙,郭春苗著 清华大学出版社 9787302402053 新华书店 正"
54221," iOS编程实战 [美]Rob Napier Mugunth Kumar,(美)库玛,美团移动 人民邮电出版社 9787"
54222," C++面向对象程序设计实践教程(新编应用型系列技能丛书) 李长荣 清华大学出版社 9787302374688 新华书店"
54223," 大片感+ 李倪 电子工业出版社 9787121252587"
54224," WOW！After Effects CC完全自学宝典(全彩)(含DVD光盘1张) 电子工业出版社 9787121251"
54225," HTML5交互动画开发实践教程 杜晓荣 清华大学出版社 9787302376057 新华书店 正版保障"
54226," 计算机应用基础——综合练习指导 张兴华,林立忠 人民邮电出版社 9787115357434 新华书店 正版保障"
54227," 三维游戏角色设计 陈力,张颖著 人民邮电出版社 9787115349170 新华书店 正版保障"
54228," Cocos2d-x 3 X手游开发实例详解 于浩洋 电子工业出版社 9787121239984 新华书店 正版保障"
54229," 图像加密算法与实践：基于C#语言实现 孙燮华 科学出版社 9787030376701"
54230," 大学计算机规划教材：AutoCAD 2012中文版应用教程 丁燕,王磊,曾令宜 电子工业出版社 97871212066"
54231," ANSYS 14 5机械与结构分析实例详解 李万全 机械工业出版社 9787111480167 新华书店 正版保障"
54232," Visio 2013图形设计 标准教程(配光盘)(清华电脑学堂) 杨继萍 等 清华大学出版社 978730235622"
54233," Flash CC高手成长之路(配光盘) 罗雅文 清华大学出版社 9787302370413 新华书店 正版保障"
54234," 中文版Premiere Pro CS6技术大全 樊宁宁 人民邮电出版社 9787115363701 新华书店 正版保障"
54235," Photoshop CC数码摄影后期处理完全自学手册 秋凉 人民邮电出版社 9787115364760 新华书店 正版"
54236," ANSYS Workbench 15 0有限元分析从入门到精通 CAE应用联盟 组编,张岩 机械工业出版社 97871"
54237," 简简单单学通51单片机开发(配光盘) 王晋凯 清华大学出版社 9787302364795 新华书店 正版保障"
54238," AutoCAD 2014室内装潢设计完全自学手册 第2版 李波 机械工业出版社 9787111482352 新华书店"
54239," Python自动化运维：技术与实践 刘天斯 机械工业出版社 9787111483069 新华书店 正版保障"
54240," Android开发范例实战宝典(配光盘) 武永亮 清华大学出版社 9787302367017 新华书店 正版保障"
54241," HTML 5移动Web开发实战详解(Web开发典藏大系) 林珑 清华大学出版社 9787302367598 新华书店"
54242," Java EE核心框架实战 高洪岩 人民邮电出版社 9787115365712 新华书店 正版保障"
54243," Photoshop CC人像调色秘籍一本通 麓山文化 机械工业出版社 9787111491705"
54244," Arduino开发从零开始学--学电子的都玩这个 宋楠 等 清华大学出版社 9787302374060 新华书店 正版"
54245," 【全新正版】网络多媒体的高级图像检索技术 颜成钢,李亮,高跃,张永兵 9787030531100 科学出版社"
54246," 单片机实验与实训指导（高职）"
54247," 实用办公自动化教程"
54248," 新编大学计算机应用教程"
54249," Photoshop创意设计密码（货号：A7) 马博 9787115329660 人民邮电出版社书源图书专营店"
54250," Android云计算应用开发入门与实战（货号：A7) 李昇暾,詹智安 9787115312235 人民邮电出版社书源图"
54251," Solid Edge ST5快速入门教程（货号：A2) 9787111436454 机械工业出版社 北京兆迪科技有限公"
54252," 全球信息技术报告（2004－2005）"
54253," 计算机应用基础（第2版）"
54254," 【全新正版】图像灰色模型理论与算法 郑列,李刚 9787030529725 科学出版社"
54255," 海量网络多媒体信息高效处理： 概念与技术 庄毅 科学出版社 9787030374158"
54256," Dreamweaver网页制作基础教程 田成,王焕然 等 电子工业出版社 9787121208614 新华书店 正版保"
54257," 移动互联网关键技术与应用 吴大鹏 电子工业出版社 9787121253478"
54258," 从零开始学AutoCAD 2012 姜勇,刘冬梅 人民邮电出版社 9787115304322"
54259," 16位单片机原理及应用——基于MSP430 王文庆 人民邮电出版社 9787115365873 新华书店 正版保障"
54260," 【新书店正版】iOS游戏编程之从零开始—Cocos2d-x与cocos2d引擎游戏开发(配光盘) 李华明 清华大学出版"
54261," MacTalk 跨越边界 池建强 人民邮电出版社 9787115405630 新华书店 正版保障"
54262," iOS应用开发详解 郭宏志 电子工业出版社 9787121207075"
54263," 赛博安全标准、实践与工业应用：系统与方法 (美)祖拜里(Zubairi,J.A.),(美)马波(Mahboob,A.)"
54264," 经典实例学设计 AutoCAD 2016 从入门到精通 李柯 常亮著 机械工业出版社 9787111508700 新华"
54265," JavaScript实战—JavaScript、jQuery、HTML5、Node js实例大全 张泽娜 清华大学出版"
54266," 图形与多媒体技术在装备IETM中的应用 徐宗昌 国防工业出版社 9787118106121 新华书店 正版保障"
54267," 三维CAD习题集 何煜琛,谢琼,沈丹著 清华大学出版社 9787302365600 新华书店 正版保障"
54268," Java Web开发入门很简单(入门很简单丛书) 贺振增 等 清华大学出版社 9787302338055 新华书店 正"
54269," C语言程序设计 蔺德军 电子工业出版社 9787121274220 新华书店 正版保障"
54270," CorelDRAW X6中文版从新手到高手(配光盘)(从新手到高手) 9787302318316"
54271," 基于控制网格的几何形体变形研究及实践"
54272," 单片机技术应用与实训（第2版）"
54273," 计算机应用基础（第二版）（高职 吴勇军）"
54274," 全球信息技术报告（2007－2008）"
54275," 计算机网络技术项目实践"
54276," C#编程实战宝典(配光盘)(开发宝典丛书) 付强 清华大学出版社 9787302355175 新华书店 正版保障"
54277," 溯源中国计算机 徐祖哲 生活·读书·新知三联书店 9787108052346 新华书店 正版保障"
54278," 大学计算机基础教程"
54279," LaTeX入门 刘海洋 电子工业出版社 9787121202087"
54280," Jewel CAD珠宝设计教程 朱欢,等 化学工业出版社 9787122167415"
54281," 【全新正版】电脑组装与维修从入门到精通(第4版) 熊巧玲,田宏强 9787030526793 科学出版社"
54282," 【全新正版】属性拓扑理论及其应用 张涛 9787030527608 科学出版社"
54283," 网页开发手记：CSS+DIV网页布局实战详解(含CD光盘1张) 张熠,刘永纯,郭立新 电子工业出版社 97871212"
54284," Java编程实战宝典(配光盘)(开发宝典丛书) 刘新 清华大学出版社 9787302351702 新华书店 正版保障"
54285," 趣学JavaScript 教孩子学编程 [美] Nick Morgan 摩根 人民邮电出版社 978711540613"
54286," 一路走来——从无名灾童到信息先锋 薛华成 清华大学出版社 9787302376385 新华书店 正版保障"
54287," Android云计算应用开发入门与实战 李昇暾,詹智安 人民邮电出版社 9787115312235"
54288," 80C51单片机实验实训100例——基于Keil C和Proteus 张志良著 北京航空航天大学出版社 9787512"
54289," Python语言及其应用 [美] 卢布诺维克(Bill Lubanovic),丁嘉瑞,梁杰,禹常隆 人民邮电出版社 9"
54290," UG NX 8 0数控加工教程(典藏版) 展迪优 机械工业出版社 9787111487913"
54291," Photoshop CC/CorelDRAW X6平面设计案例精讲(含DVD光盘1张)(全彩) 王进修著 电子工业出版"
54292," 精通Android 实例开发 陈强 人民邮电出版社 9787115400970 新华书店 正版保障"
54293," iOS9开发快速入门 刘丽霞,邱晓华 人民邮电出版社 9787115406408 新华书店 正版保障"
54294," Authorware多媒体课件制作实用教程 高尚兵 清华大学出版社 9787302372301 新华书店 正版保障"
54295," 深入细节—Photoshop建筑后期表现专业技法剖析(配光盘) 云海科技著 清华大学出版社 9787302356509"
54296," 建筑工程CAD制图丛书--建筑采暖通风工程CAD制图 周佳新 化学工业出版社 9787122162793"
54297," 精通Unreal游戏引擎 [英]Ryan Shah 沙哈 人民邮电出版社 9787115406460 新华书店 正版保"
54298," 图灵程序设计丛书：C#图解教程(第4版) [美] Daniel M.Solis,姚琪琳,苏林,朱晔 等 人民邮电出版社"
54299," 图像重构的数值方法 徐国良,陈冲,李明 科学出版社 9787030459213 新华书店 正版保障"
54300," 优控制问题高效高精度算法(英文版) 陈艳萍,鲁祖亮 科学出版社 9787030463951 新华书店 正版保障"
54301," 二维动画设计软件应用(Flash CS4) 庞震 电子工业出版社 9787121215216"
54302," 【全新正版】图像纹理分类理论与方法 董永生 9787030526977 科学出版社"
54303," UG NX 10 0快速入门教程 北京兆迪科技公司著 机械工业出版社 9787111493815"
54304," UG NX 10 0数控加工教程 北京兆迪科技有限公司著 机械工业出版社 9787111494690"
54305," 无线传感器网络:原理与实践 (美)胡飞,牛晓光 机械工业出版社 9787111406990"
54306," UG NX 6 0快速入门教程(修订版) 詹友刚 机械工业出版社 9787111423683"
54307," 中文版After Effects CC光效设计 尹小港著 海洋出版社 9787502789756 新华书店 正版保障"
54308," 实战Java虚拟机——JVM故障诊断与性能优化 葛一鸣 电子工业出版社 9787121256127"
54309," 图像特征提取与检索技术 孙君顶 电子工业出版社 9787121252716 新华书店 正版保障"
54310," 微机原理与接口技术"
54311," 大学计算机基础（第二版）"
54312," UG NX8.0数控编程与操作（货号：M) 9787122271143 化学工业出版社 刘蔡保威尔文化图书专营店"
54313," 单片机原理、接口与C51应用程序设计"
54314," SOLIDWORKS SIMULATION PREMIUM 振动分析教程(2012版) 正版 DS SolidWork"
54315," 计算机应用基础"
54316," HTML5与CSS3指南（第2版·下册）*9787111416999 陆凌牛"
54317," 大学计算机基础实训指导书"
54318," 计算机应用案例教程"
54319," 零点起飞学Visual Basic（配光盘）（零点起飞学编程）*9787302321989 张月萍 等"
54320," 单片机原理、接口及应用"
54321," 计算机应用基础"
54322," 中文版AutoCAD 2016室内装潢设计经典228例 麓山文化著 机械工业出版社 9787111518945 新华书"
54323," Photoshop CS6平面设计实用案例教程(牛永鑫) 牛永鑫 化学工业出版社 9787122210968 新华书店"
54324," Ruby基础教程(第4版) (日) 高桥征义,(日)后藤裕藏,何文斯 人民邮电出版社 9787115366467 新华"
54325," 中文版AutoCAD 2016建筑设计与施工图绘制实例教程 麓山文化 机械工业出版社 9787111519447 新华"
54326," ANSYS 15 0有限元分析完全自学手册 郝勇 机械工业出版社 9787111494577"
54327," Java语言导学(原书第5版) (美)扎卡沃,(美)坎南,(美)盖拉多 机械工业出版社 9787111503927 新"
54328," 网站分析与优化 于施洋,王建冬 社会科学文献出版社 9787509766699 新华书店 正版保障"
54329," Cocos2D-X游戏开发技术精解 正版 刘剑卓 9787115314840"
54330," 移动互联网思维：商业创新与重构 熊友君 机械工业出版社 9787111490906"
54331," 3ds Max & VRay灯光/材质/渲染实例精讲 麓山文化著 机械工业出版社 9787111485520"
54332," 计算机：一部历史 Peter J.Bentley(彼得·本特利),顾纹天 电子工业出版社 9787121255113"
54333," 3ds max+VRay 全空间家装效果图表现 陈志民,黄华 机械工业出版社 9787111485483"
54334," 网站信息可用性保障体系与建设规范研究：从世界看北京 周晓英 世界图书出版公司 9787510082931"
54335," Autodesk Maya 2015标准教材I 王琦 人民邮电出版社 9787115377692"
54336," 微服务架构与实践 王磊 电子工业出版社 9787121275913 新华书店 正版保障"
54337," JavaScript经典实例(第二版) [美]Shelley Powers(谢丽·鲍尔斯) 中国电力出版社 97875"
54338," 循环平稳理论的盲源分离原理与算法 李灯熬,赵菊敏 国防工业出版社 9787118098211"
54339," 【电力社】Photoshop CS5助战数码摄影"
54340," 网店视觉营销秘笈 网店美工实战手册 杨智坤 严晨 机械工业出版社 9787111499527 新华书店 正版保障"
54341," 智能手机APP软件开发：Android 李小军 华南理工大学出版社 9787562345398"
54342," Illustrator CC中文全彩铂金版案例教程 9787515348391"
54343," JavaScript DOM编程艺术(第2版) [英] Jeremy Keith,[加] Jeffrey Sambel"
54344," ￥Photoshop CS5平面设计应用教程(第2版)（货号：S1) 陈茹 裘德海 9787115319395 人民邮"
54345," 3ds Max 2013中文版标准培训教程(含DVD光盘1张) ACAA教育,胡仁喜,张日晶著 电子工业出版社 978"
54346," ANSYS结构有限元高级分析方法与范例应用(第三版)(万水ANSYS技术丛书) 尚晓江,邱峰 水利水电出版社 9787"
54347," 实用计算机基础"
54348," 国际数字艺术大师佳作赏析:6（货号：A7) (英)3DTotal 9787115322555 人民邮电出版社书源图书专"
54349," 实用计算机基础教程"
54350," 众妙之门:自由网站设计师成功之道（货号：A7) 德国Smashing杂志,王兴 9787115313522 人民邮电出"
54351," LaTeX入门 刘海洋著 9787121202087"
54352," 普通高等教育“十二五”规划教材（高职高专教育） 计算机应用基础项目教程"
54353," 计算机导论（第3版）"
54354," 游戏自动化测试实践 陈大卫 李建玲 电子工业出版社 9787121252167"
54355," 计算机基础教程"
54356," SolidWorks 2013中文版入门与提高(附DVD光盘1张) 胡仁喜,闫聪聪 等 化学工业出版社 9787122"
54357," Photoshop CC中文版从入门到精通(第2版) 冯涛著 机械工业出版社 9787111485506"
54358," 计算机应用技术简明教程（计算机应用能力培养丛书）"
54359," 决战 白瑞雪 湖南科技出版社 9787535779984 新华书店 正版保障"
54360," 网店宝贝抠图与店铺装修宝典(全彩) 王红蕾 孙倩 曹培强 电子工业出版社 9787121240331"
54361," Java Web高级编程：涵盖WebSockets、Spring Framework、JPA [美] Nicholas"
54362," HTML与CSS入门经典(第9版) (美)梅洛尼,陈宗斌 人民邮电出版社 9787115365293 新华书店 正版保"
54363," 中老年人学电脑：Photoshop照片处理技巧 金延革 大连理工大学出版社 9787561174470"
54364," AutoCAD 2015中文版室内装潢设计 第5版 张日晶 机械工业出版社 9787111489696"
54365," 网店商品抠图+调色+修饰新手通 王红卫著 机械工业出版社 9787111484530"
54366," UG NX8 0产品设计与数控加工案例精析(附光盘) 钟平福 化学工业出版社 9787122166234"
54367," WebGL入门指南 [美]Tony Parisi,郝嫁力 人民邮电出版社 9787115316684"
54368," Android 开发入门与实战(第二版) 姚尚朗, 靳岩著 人民邮电出版社 9787115314642"
54369," 【全新正版】深度学习理论与实践 何希平,刘波 9787030521040 科学出版社"
54370," CAXA 2013从入门到精通 胡仁喜, 刘昌丽, 康士廷著 机械工业出版社 9787111472445 新华书店 正"
54371," 完全掌握Illustrator CC超级手册 王红卫 机械工业出版社 9787111480792 新华书店 正版保障"
54372," 轻松学AutoCAD 2015园林景观工程制图(含DVD光盘1张)(双色) 李波 电子工业出版社 9787121262"
54373," 硬盘数据恢复及维修 郭文武 国防工业出版社 9787118098990"
54374," 轻松学AutoCAD 2015室内装潢工程制图(含DVD光盘1张)(双色) 李波 电子工业出版社 9787121262"
54375," 轻松学AutoCAD 2015工程制图(含DVD光盘1张)(双色) 李波 电子工业出版社 9787121262098"
54376," 笔记本电脑检测与维修 李宗远 国防工业出版社 9787118098976"
54377," 基于工作项目的Android高级开发实战 李钦 电子工业出版社 9787121261183 新华书店 正版保障"
54378," Android程序设计基础教程 高凯著 国防工业出版社 9787118098969"
54379," 轻松学AutoCAD 2015电气工程制图(含DVD光盘1张)(双色) 李波 电子工业出版社 978712126208"
54380," 轻松学AutoCAD 2015建筑水暖电工程制图(含DVD光盘1张)(双色) 李波 电子工业出版社 978712126"
54381," UG板式家具设计从入门到精通(配视频教程)(含DVD光盘1张) 王浩著 电子工业出版社 9787121255977 新"
54382," 新编网站设计与网页制作 Dreamweaver CC + Photoshop CC + Flas 龙马高新教育 人民邮"
54383," CORELDRAW箱包手袋设计(含光盘) 杨超 化学工业出版社 9787122216854 新华书店 正版保障"
54384," DSmT理论及其在信息融合中的应用"
54385," 大学计算机基础实验指导"
54386," 大学信息技术基础实验与习题（第2版）"
54387," 大学计算机基础"
54388," (应用型高等教育)计算机应用基础(计算机类)"
54389," 计算机应用基础"
54390," 大学计算机基础教程"
54391," 突破平面CorelDRAW X5设计与制作深度剖析(配光盘)"
54392," 单片机测控技术应用实例解析"
54393," 计算机实用技术与常用软件教程"
54394," AutoCAD 2018中文版入门与提高——土木工程设计,CAD/CAM/CAE技术联盟,清华大学出版社,978730"
54395," 移动端UI设计 朱颖博著 电子工业出版社 9787121320750 新华书店 正版保障"
54396," AutoCAD 2014中文版完全学习手册(含DVD光盘1张) 李波 等 电子工业出版社 9787121221231"
54397," AutoCAD 2018中文版三维造型设计实例教程 胡仁喜 机械工业出版社 9787111577744 新华书店 正版"
54398," Photoshop CS6完全实例教程 廉文山 张航 毕晓峰著 人民邮电出版社 9787115333537 新华书店"
54399," 深度解析After Effects(第5版) [美]Trish & Chris Meyer 人民邮电出版社 97871"
54400," 冶金三维设计(SolidWorks)应用基础池延斌 池延斌 冶金工业出版社 9787502461706"
54401," CATIA V5R21机械设计教程 詹熙达作 机械工业出版社 9787111420637"
54402," 疯狂VirtualBox实战讲学录——小耗子之VirtualBox修炼全程重现(赠1DVD) 姜皓 水利水电出版社 9"
54403," 计算机应用基础案例式实训教程"
54404," 计算机装配、调试与维修(中级) 于居泉 机械工业出版社 9787111400332"
54405," 深入理解Java虚拟机：JVM高级特性与实践(第2版) 周志明 机械工业出版社 9787111421900"
54406," ATmega16单片机C语言程序设计经典实例 陈忠平 电子工业出版社 9787121203091"
54407," 7天精通AutoCAD(含盘) 李林著 中国铁道出版社 9787113162276"
54408," Pro/Engineer Wildfire 5 0塑料模具设计教程 李耀辉,李洪伟 国防工业出版社 978711809"
54409," 中文版Photoshop CS6平面广告设计实战宝典505个秘技 锐艺视觉著 人民邮电出版社 978711533392"
54410," 数据结构(Java版)(第4版) 叶核亚著 电子工业出版社 9787121261886 新华书店 正版保障"
54411," 【全新正版】主板维修从入门到精通(第4版) 张军 9787030517012 科学出版社"
54412," JavaScript设计模式 (美)奥斯马尼 人民邮电出版社 9787115314543"
54413," Pro/E Wildfire 5 0实用教程(图解版) 赵淳 王英玲 电子工业出版社 9787121262524 新华"
54414," 新手案例学 UG NX 10 0中文版从入门到精通 杜鹃 机械工业出版社 9787111508656 新华书店 正版保"
54415," Solidworks 2015实例宝典 詹迪维 机械工业出版社 9787111498810 新华书店 正版保障"
54416," World Wind Java三维地理信息系统开发技术指南 周玲 等 机械工业出版社 9787111415978"
54417," CATIA非线性有限元分析教程 盛选禹 包支 李明志 机械工业出版社 9787111471448 新华书店 正版保障"
54418," Effective C++：改善程序与设计的55个具体做法(第三版)中文版 (美)梅耶 电子工业出版社 9787121"
54419," 【新书店正版】CATIA V5机械(汽车)产品CAD/CAE/CAM全精通教程(附光盘) 王登峰 人民交通出版社"
54420," 中文版3ds max+vray+photoshop园林景观效果图表现案例详解 麓山文化著 机械工业出版社 978711"
54421," AutoCAD 2015中文版建筑设计实例教程 胡仁喜,张日晶 机械工业出版社 9787111485582"
54422," 手机游戏视觉设计法则 严晨,张岩艳 机械工业出版社 9787111504702 新华书店 正版保障"
54423," 信息与编码理论 顾学迈 哈尔滨工业大学出版社 9787560349114"
54424," 中文版CoreIDRAW图形设计经典培训教程 出版社:上海科学普及出版社 上海科学普及出版社 978754275883"
54425," AVR单片机C语言高级编程设计(第三版) 周兴华,岑巍,倪敏娜 中国电力出版社 9787512378933 新华书店"
54426," 计算机绘图教程"
54427," Biomimetic Pattern Recognition and Multi-weight Neuron"
54428," 计算机应用基础"
54429," 大学信息技术基础（第2版）"
54430," 大学计算机案例教程"
54431," 计算机应用基础"
54432," 电力企业复转军人培训系列教材 计算机应用"
54433," Dreamweaver CC+ASP动态网站开发从入门到精通 第3版 陈益材,环博文化组 机械工业出版社 978711"
54434," SolidWorks 2014中文版机械设计从入门到精通 孙立明胡仁喜 机械工业出版社 9787111470113 新"
54435," 非线性影视编辑基础与应用教程(PremiereProCS5)(附1DVD) 温斯琴 人民邮电出版社 978711531"
54436," 完全掌握网页设计和网站制作实用手册 胡秀娥 等 机械工业出版社 9787111473985 新华书店 正版保障"
54437," CATIA V5-6 R2014数控加工教程 北京兆迪科技有限公司著 机械工业出版社 9787111501015 新华"
54438," 众妙之门——自由网站设计师成功之道 德国Smashing杂志,王兴 人民邮电出版社 9787115313522"
54439," AutoCAD 2015中文版室内设计实例教程 胡仁喜 机械工业出版社 9787111488712"
54440," 计算机实用技术"
54441," 单片机技术及应用"
54442," 单片微型计算机原理及应用"
54443," 大学计算机基础教程"
54444," 新版计算机应用基础"
54445," 单片机系统设计、仿真与应用——基于Keil和Proteus仿真平台"
54446," 计算机应用与操作基础教程"
54447," 晨风童书 幼儿益智园新版 简笔画2000例学画200例彩泥200例涂色200例 4册 儿童美术启蒙 早教启蒙游戏 [3"
54448," ANSYS14.0有限元分析从入门到精通(附光盘) 正版 张秀辉 等 9787111407119"
54449," 移动互联网的秘密 程慧 北京邮电大学出版社有限公司 9787563543069 新华书店 正版保障"
54450," Head First HTML5 Programming(中文版) 正版 Eric T Freeman, Elisab"
54451," 区块链底层设计Java实战"
54452," 微型计算机原理及应用实验教程"
54453," 计算机控制技术"
54454," 大学计算机基础"
54455," 计算机应用基础"
54456," 单片微型计算机原理及应用（第二版）"
54457," 计算机应用基础"
54458," 《大学计算机基础》实验指导与习题集"
54459," 计算机基础教程（windows7+office2010）"
54460," 计算机应用基础学习任务指导书"
54461," SolidWorks2012中文版机械设计自学手册(附光盘)/SolidWorks系列/CADCAMCAE工程应用丛书"
54462," 计算机教学研究与实践——2012学术年会会议论文集"
54463," JavaScript 经典实例 正版 鲍尔斯著,李强 9787512320581"
54464," Authorware多媒体制作标准教育:2013-2015版（货号：A4) 9787302316596 清华大学出版社"
54465," 计算机网络教程(第3版)"
54466," 计算机应用基础案例教程"
54467," 计算机应用基础（第2版）"
54468," 编码理论（第二版）（田丽华）"
54469," 计算机科学导论（第二版）"
54470," 大学计算机基础教程(普通高等教育计算机类专业“十三五”规划教材)21世纪。。"
54471," 计算机组成与维护（第二版）"
54472," 单片机应用技术（高职 鲍安平）"
54473," 普通高等教育十一五*规划教材(高职高专教育)：计算机应用基础习题与实验(修订版 XP平台)"
54474," 笔记本电脑使用维护与故障排查从入门到精通(附光盘第2版) 正版 王红丽,郑继峰著 9787113136062"
54475," UG NX8.0中文版数控加工从入门到精通(附光盘)/UG NX工程设计与开发系列 正版 胡仁喜 9787111394"
54476," Java编程新手自学手册(新手学教程) 正版 谭贞军 等 9787111379379"
54477," [封面有磨痕-LZ]--PhotoshopCS6完全自学案例教程微课版 9787115436993"
54478," 全新正版 iOS 5编程Cookbook(影印版) (英)娜哈樊迪普尔 东南大学出版社 9787564134488缘为"
54479," （成人高等教育公共课）计算机应用基础教程(含实验指导书）"
54480," 大学计算机基础实验指导与学习指南"
54481," 计算机应用基础(Windows 7+Office 2010）"
54482," ANSYS 14有限元分析自学手册（货号：A7) 李兵,宫鹏涵 9787115309198 人民邮电出版社书源图书专营"
54483," 计算机文化基础实训指导及习题集"
54484," 网络信息检索"
54485," 大学计算机基础教程（冉崇善）"
54486," 大学计算机基础"
54487," 微机原理与接口技术"
54488," 计算机文化基础实训指导（Windows 7+Office 2010）"
54489," 计算机应用基础项目教程"
54490," 微型计算机原理与接口技术"
54491," 正版图书After Effects CS5实例教程(第2版) 邬厚民,王康 9787115276636 人民邮电出版社"
54492," 计算机辅助电路设计Altium Designer 15（高职）"
54493," 计算机教学研究与实践——2013学术年会论文集"
54494," 微型计算机原理及应用（王庆利）"
54495," 图像超分辨率技术及其应用 [埃及] Fathi E.Abd El-Samie,Mohiy M.Hadhoud,Said"
54496," 机械CAD/CAM实验指导(第二版)(含光盘) 黄晓峰 西安电子科技大学出版社 9787560627373 新华书店"
54497," 计算机应用实验教程（第3版）"
54498," 网页程序设计 HTML、JavaScript、CSS、XHTML、Ajax(第三版)(配光盘) 陈惠贞 清华大学出版社"
54499," SolidWorks工程图教程(2015版)(配全程视频教程)(含DVD光盘1张) 北京兆迪科技有限公司著 电子工业出"
54500," 常用机械机构虚拟装配及运动仿真40例——基于SolidWorks2015(含DVD光盘1张) 赵罘著 电子工业出版社"
54501," UG NX 8 5数控加工教程 北京兆迪科技有限公司 机械工业出版社 9787111416487"
54502," 中文版CorelDRAW X6完全自学教程(超值版) 孟俊宏 人民邮电出版社 9787115397904 新华书店 正"
54503," 有限元分析——ANSYS理论与应用(第四版) (美)莫维尼,李继荣 电子工业出版社 9787121264214 新华书"
54504," 小白学运营 刘异,伍斌,赵强著 电子工业出版社 9787121267284 新华书店 正版保障"
54505," 大学计算机基础实验指导与习题（第二版）"
54506," 计算机基础实验指导与习题（第二版）"
54507," 计算机应用基础"
54508," 计算机文化基础"
54509," 计算机应用基础教程（王亚平）"
54510," 计算机应用基础"
54511," MCU及接口技术实验教程"
54512," 图像特征抽取算法研究及其应用"
54513," 《计算机应用基础教程》实习实训指南"
54514," 计算机应用基础实用指导（高等职业教育“十三五”规划教材）"
54515," 计算机应用基础"
54516," 大学计算机基础教程"
54517," 微型计算机原理与接口技术实验指导（西安交通大学本科“十二五”规划教材）"
54518," 计算机应用基础"
54519," 新编电脑应用综合培训教程(修订版)"
54520," 微机原理与接口技术"
54521," 单片机原理及接口技术"
54522," 新编大学计算机基础"
54523," 大学生信息素质教育"
54524," Photoshop CS5基础与实例教程 邓娟,周冰 西安电子科技大学出版社 9787560631813 新华书店 正"
54525," 微机原理及接口技术 蔡启仲 机械工业出版社 9787111422334"
54526," 计算机应用基础实训指导 高万萍,吴玉萍 清华大学出版社 9787302317593"
54527," 宝贝，手机 郝耀华,郝特达著 测绘出版社 9787503035180 新华书店 正版保障"
54528," 微处理器类新技术实验教程"
54529," 计算机基础案例教程"
54530," 全国电力高职高专“十二五”规划教材 公共基础课系列教材 计算机应用基础"
54531," 计算机电路基础（第三版）"
54532," 计算平台可信启动与运行研究"
54533," 计算机基础项目化教程：Windows 7 + Office 2010 新"
54534," 新编计算机文化基础（第七版）——高职高专计算机教指委优秀教材——全国高校出版社优秀畅销书二等奖"
54535," 网络互联技术及应用"
54536," 单片机仿真及制作项目教程：基于Protens ISIS"
54537," 微型计算机技术学习指导与习题解答"
54538," 计算机应用基础"
54539," 大学计算机基础实践教程"
54540," 单片机原理与C51编程（第2版）（普通高等教育计算机类专业“十三五”。教材）"
54541," 普通高等教育“十二五”规划教材 单片机原理及应用"
54542," 计算机组装与维修 学案 张玲 电子工业出版社 9787121242120 新华书店 正版保障"
54543," 图解力 写给大家看的信息视图设计书 杨虹 机械工业出版社 9787111504726 新华书店 正版保障"
54544," Android和PHP开发实践(第2版) 黄隽实 机械工业出版社 9787111509516 新华书店 正版保障"
54545," Android 4 高级编程(第3版) (美)迈耶 清华大学出版社 9787302315582"
54546," 【全新正版】做得到！Photoshop CS6人像相片编修100技(第2版)(DVD) 黄活瑜 97870303724"
54547," 大互联网"
54548," 计算机文化（缑水平）（含光盘）"
54549," 微机原理及应用"
54550," 基于语义面向服务的知识管理与处理"
54551," 计算机教学研究与实践——2015学术年会论文集"
54552," 土木工程制图"
54553," 电气自动化技能型人才实训系列 PLC创新制作技能实训"
54554," Adobe Photoshop大师班：经典作品与技巧赏析 (美) Ibarionex Perello 人民邮电出版社"
54555," 计算机应用基础实验实训教程"
54556," 计算机应用基础上机指导"
54557," UG NX9 0中文版数控加工从入门到精通 钟涛,丁黎,单力岩 机械工业出版社 9787111498681 新华书店"
54558," 计算机绘图——AutoCAD 2014 硕东明 电子工业出版社 9787121237218 新华书店 正版保障"
54559," Java 3D与计算机三维动态图形网络编程设计 高新瑞著 清华大学出版社 9787302374831 新华书店 正版保"
54560," 机电一体化技能型人才用书 UG数控加工 潘秀石 中国电力出版社 9787512379138 新华书店 正版保障"
54561," SolidWorks 2014中文版标准实例教程 胡仁喜 机械工业出版社 9787111472483 新华书店 正版保"
54562," UG NX 10 0中文版钣金设计从入门到精通 胡仁喜 机械工业出版社 9787111496748 新华书店 正版保障"
54563," 【现货机工社】SolidWorks大型装配设计指南"
54564," 微课设计与制作一本通 金洁 著"
54565," 高职高专公共基础课规划教材 计算机应用基础实训指导"
54566," 中等职业学校教材：计算机应用基础上机指导与练习（中职） 冯书刚 9787115288615"
54567," 用户体验至上：移动UI视觉设计法则 张颖 机械工业出版社 9787111510161 新华书店 正版保障"
54568," 3ds Max效果图制作基础教程 张莉莉 梁国浚 9787115289483 人民邮电出版社"
54569," x86/x64体系探索及编程"
54570," “十三五”职业教育规划教材 单片机原理与应用系统设计"
54571," 大学计算机应用基础（高职高专“十三五”公共基础课系列规划教材）"
54572," “十三五”职业教育规划教材 计算机应用基础"
54573," 游戏引擎架构 【美】Jason Gregory(杰森.格雷戈瑞) 电子工业出版社 9787121222887 新华书店"
54574," 中国网络传播研究 2009 (第三辑) 正版 杜骏飞 9787308070232"
54575," 一站式IT就业培训系列教材：C#程序设计基础入门教程 传智播客高教产品研发部 人民邮电出版社 978711535624"
54576," 学习ASP.NET2.0和AJAX 正版 里伯尔提(Liberty,J)；刘平利 9787111243274"
54577," 全新正品计算机应用基础 刘凤 北京理工大学出版社 9787564047566 缘为书来图书专营店"
54578," Java语言程序设计 进阶篇(英文版.第6版)*9787111233688 (美)梁(Liang,Y.D.)"
54579," 【RT3】计算机应用基础习题与上机指导 刘小豫 西北工业大学出版社 9787561232835"
54580," 中小学教师信息技术应用能力培训教程*9787115406439 方其桂"
54581," 构建云应用：概念、模式和实践*9787111373124 Christopher M. Moyer,顾毅 等"
54582," Flash CS4动画制作应用教程 9787561232644"
54583," 全国电力高职高专“十二五”规划教材 工科专业基础课系列教材 微机原理与接口技术"
54584," 21世纪高等学校规划教材 微型计算机原理及应用技术"
54585," Premiere Pro CS6影视编辑标准教程 尹小港 中国电力出版社 9787512351912 新华书店 正版保"
54586," 突破平面Photoshop CS6设计与制作深度剖析(配光盘)(平面设计与制作) 李金蓉著 清华大学出版社 97873"
54587," Java 就该这样学 王洋 电子工业出版社 9787121202223"
54588," “十三五”职业教育规划教材 计算机基础案例教程"
54589," 计算机应用基础"
54590," AutoCAD景观与园林设计案例指导自学手册 胡仁喜 江苏科学技术出版社 9787553708836 新华书店 正版保"
54591," 轻松学SolidWorks机械设计——从入门到精通 冯桂辰,崔素华,程玮燕 科学出版社 9787030459176 新"
54592," 计算机应用基础项目化教程"
54593," AutoCAD建筑结构设计案例指导自学手册 胡仁喜 江苏科学技术出版社 9787553708812 新华书店 正版保障"
54594," AutoCAD市政工程设计案例指导自学手册 胡仁喜 江苏科学技术出版社 9787553708850 新华书店 正版保障"
54595," 计算机安全与网络教学"
54596," 【全新直发】网站UI商业项目实战——令人惊叫的网页是这样炼成的！(互联网UI设计师) 北京课工场教育科技有限公司著 水"
54597," 【全新直发】移动端UI商业项目实战——让人爱不释手的移动端UI设计(互联网UI设计师) 北京课工场教育科技有限公司著"
54598," 【全新直发】AutoCAD2018建筑设计从入门到精通CAD教程 实战案例视频版 天工在线 水利水电出版社 97875"
54599," 【全新直发】毫无障碍学Python 邓文渊 水利水电出版社 9787517058342"
54600," 【全新直发】微信公众号运营解析(互联网营销师系列) 肖睿,肖奎,张静 水利水电出版社 9787517051817"
54601," 跟老齐学Python：Django实战 齐伟著 电子工业出版社 9787121325724 新华书店 正版保障"
54602," 图解算法 俞征武 机械工业出版社 9787111578871 新华书店 正版保障"
54603," JavaScript经典实例(第二版),[美]Shelley Powers(谢丽·鲍尔斯),中国电力出版社,97875"
54604," MOOC与混合教学理论及实务,于春燕、郭经华,清华大学出版社,9787302515173"
54605," AutoCAD 2018从入门到精通CAD视频教程(实战案例版) 天工在线 水利水电出版社 9787517057314"
54606," AutoCAD 2018中文版建筑与土木工程制图快速入门实例教程 单春阳 机械工业出版社 9787111574453"
54607," Unity 3D2D手机游戏开发：从学习到产品 金玺曾 清华大学出版社 9787302481652 新华书店 正版保障"
54608," Go语言实战,[美]马特·布彻(Matt Butcher) 马特·法里纳(Matt Far,机械工业出版社,97871"
54609," 自抗扰控制设计与理论分析,赵志良,科学出版社,9787030600196"
54610," 中国IT产业发展报告(2017—2018) 李颖 电子工业出版社 9787121352935 新华书店 正版保障"
54611," 财务共享实训教程 马建军 电子工业出版社 9787121324437 新华书店 正版保障"
54612," 中文AutoCAD2018,王伍柒,安徽大学出版社,9787566417428"
54613," 中文版Rhino 5 0完全自学教程 第3版 徐平,章勇,苏浪 人民邮电出版社 9787115466778 新华书店"
54614," 深入浅出iPhone/iPad开发(第2版) (美)Dan Pilone Tracey Pilone 人民邮电出版社"
54615," 全国高等职业教育“十二五”计算机类专业规划教材 微机原理与接口技术"
54616," 细说光影 程罡 清华大学出版社 9787302416241 新华书店 正版保障"
54617," “十三五”职业教育规划教材 单片机原理及应用"
54618," AutoCAD机械设计实例精解(2015中文版) 北京兆迪科技有限公司著 机械工业出版社 9787111492832"
54619," AutoCAD快速自学宝典(2015中文版) 北京兆迪科技有限公司著 机械工业出版社 9787111493174"
54620," 词义的语言:词义理论的跨学科讨论"
54621," 中文版AUTOCAD 2015室内装潢设计实例教程(畅销升级版)(含光盘) 麓山文化 机械工业出版社 97871114"
54622," 让单片机更好玩:零基础学用51单片机 阮喻 ... [等]著 化学工业出版社 9787122187864 新华书店 正"
54623," 经典实例学设计——AutoCAD 2015建筑设计与制图 刘建东 机械工业出版社 9787111488392"
54624," 单片机控制系统设计安装与调试"
54625," 经典实例学设计——AutoCAD 2014电气设计与制图 苏杰汶 机械工业出版社 9787111479833"
54626," 天正TArch 2014全套建筑施工图设计项目实战 麓山文化著 机械工业出版社 9787111485537"
54627," AutoCAD机械设计入门与提高(2015版) 北京兆迪科技有限公司著 机械工业出版社 9787111491927"
54628," 3ds Max 2011入门与提高 正版 王珂 9787115269225"
54629," 普通高等教育“十二五”规划教材 可编程控制器原理及应用（西门子机型）"
54630," 计算机应用基础"
54631," 普通高等教育“十一五”国家级规划教材（高职高专教育）微机原理"
54632," CAXA电子图板与CAXA数控车*9787111379072 朱丽军"
54633," “十三五”职业教育规划教材 计算机应用基础"
54634," ANSYS 13.0多物理耦合场有限元分析从入门到精通（货号：A2) 9787111366126 机械工业出版社 胡仁"
54635," 深度探索C++对象模型 (美) Stanley B. Lippman著 9787121149528"
54636," 计算机硬件技术(下册) 孙德文 9787040186451"
54637," 互联网扶贫书"
54638," 电脑主板常用芯片及电路维修资料手册 正版 蒋树刚 9787508263212"
54639," 随时间响应的结构与系统的可靠性计算方法"
54640," 单片机C语言应用100例(第2版)(含CD光盘1张) 王东锋,陈园园,郭向阳著 电子工业出版社 97871212016"
54641," 【全新正版】中文版Photoshop CS6从入门到精通(DVD) 前沿文化 9787030368881 科学出版社"
54642," Android 应用开发基础教程 曾文权,何拥军 电子工业出版社 9787121200427"
54643," 青年计算机学者研究进展 Frontiers of Computer Science 青年AE研究汇编"
54644," Photoshop CS3中文版案例教程*9787115237323 王忠莲"
54645," 计算机系统组装与维修教程(项目式)*9787115264084 王刃峰"
54646," CorelDRAW平面设计标准教程(X4中文版)*9787115264367 李洪发"
54647," 全国高职高专教育规划教材：计算机应用基础任务化教程"
54648," AutoCAD 2014电气设计技巧精选(含DVD光盘1张) 李波 等 电子工业出版社 9787121245022 新"
54649," 新手学Photoshop CC 数码照片处理(实例版)(全彩) 电子工业出版社 9787121243721 新华书店"
54650," AutoCAD 2015中文版标准实例教程 陈广华 机械工业出版社 9787111487333"
54651," AutoCAD 2014家具设计技巧精选(含DVD光盘1张) 李波 电子工业出版社 9787121245084 新华书"
54652," 新手学Flash CC动画制作(实例版)(全彩)(含CD光盘1张) 电子工业出版社 9787121244506 新华书"
54653," UG NX 8 0快速入门教程(典藏版) 詹迪优 机械工业出版社 9787111487289"
54654," 硕果：Mainframe技术专家实战文集"
54655," AutoCAD 2014建筑水暖电设计技巧精选(含DVD光盘1张) 李波 电子工业出版社 9787121245053"
54656," AutoCAD 2014园林景观设计技巧精选(含DVD光盘1张) 李波 电子工业出版社 9787121245039 新"
54657," 21天学通C语言(第7版) []Bradley JonesPeter AitkenDean Mill 人民邮电出版社"
54658," Photoshop CC产品设计效果图表现实例教程 李晓东 电子工业出版社 9787121261510 新华书店 正版"
54659," AutoCAD 2014中文版室内设计图绘制实例教程 刘培晨 机械工业出版社 9787111448907 新华书店 正"
54660," UG NX 8 0工程应用技术大全(全程语音视频讲解)(含DVD光盘1张) 来振东 电子工业出版社 978712124"
54661," 单片机实战宝典：从入门到精通 文武松 机械工业出版社 9787111449614 新华书店 正版保障"
54662," 高等职业教育计算机类专业规划教材 计算机组成原理（第3版）"
54663," 计算机导论"
54664," 计算机应用基础"
54665," 信息时代的幽灵 许榕生 著 著作"
54666," 单片机原理及应用（第二版）"
54667," MCS-51单片机应用设计"
54668," AutoCAD 2014辅助设计从入门到精通 钟日铭 机械工业出版社 9787111453857 新华书店 正版保障"
54669," Photoshop CC抠图一本通 麓山文化著 机械工业出版社 9787111447818 新华书店 正版保障"
54670," 走进E时代——网上冲浪 朱仁成,曲肖倩,孙爱芳著 西安电子科技大学出版社 9787560633060 新华书店 正版保"
54671," 计算机操作 吴庆菊 9787040254273"
54672," 分析模式——可复用对象模型（影印版）"
54673," 计算机网络技术与应用/全国中等职业技术学校计算机教材"
54674," 信息资源管理 杨敏 郑州大学出版社 9787564515539 新华书店 正版保障"
54675," 高等院校精品规划教材:CAXA制造工程师2006精编实例教程 刘京辉 9787508451459"
54676," Arduino一试就上手(第二版) 孙骏荣,吴明展,卢聪勇 科学出版社 9787030373144"
54677," 正版书籍 9787568234108 粒子群算法及其应用研究 杨英杰 北京理工大学出版社"
54678," 游戏场景设计 翟继斌,王世旭 化学工业出版社 9787122247506 新华书店 正版保障"
54679," 技术这十年 子柳 电子工业出版社 9787121201912"
54680," Photoshop网店设计与装修专业教程 9787302450603"
54681," 网页UI设计*9787121337413 钟爱青"
54682," Go语言编程入门与实战技巧 9787121349669"
54683," 可视化编程应用Visual Basic6.0中文版 康慧芳,张琴著 9787115186904"
54684," Photoshop CS艺术设计教程 马驰,陆全龙 华中科技大学出版社 9787560971353 新华书店 正版保障"
54685," Director多媒体应用教程 许晓洁,仲福根,顾彩莉 电子工业出版社 9787121214097 新华书店 正版保障"
54686," 计算机信息管理"
54687," SolidWorks 2014软件实例教程 陈兆荣 电子工业出版社 9787121250446 新华书店 正版保障"
54688," Photoshop数码照片创意魔法大揭秘 锐艺视觉著 人民邮电出版社 9787115336873 新华书店 正版保障"
54689," 网店美工宝典(2015版)(全彩) 上上签设计,王楠 电子工业出版社 9787121252082"
54690," 圈圈教你玩USB(第2版)(内附光盘和PCB)(藏经阁) 刘荣 北京航空航天大学出版社 9787512410923"
54691," WOW！Illustrator CC完全自学宝典(全彩)(含DVD光盘1张) 李金蓉 电子工业出版社 97871212"
54692," 超级APP视觉设计大揭密(全彩) Sun I 视觉设计 电子工业出版社 9787121247781"
54693," ANSYS有限元基础教程(第2版) 王新荣 电子工业出版社 9787121260957 新华书店 正版保障"
54694," 新手学网页制作入门到精通 柏松 9787542759252"
54695," SolidWorks实战教程 王天虎胡其登 机械工业出版社 9787111458678 新华书店 正版保障"
54696," ARM Cortex-A8嵌入式原理与系统设计 王青云 机械工业出版社 9787111475156 新华书店 正版保障"
54697," Android应用程序开发—项目式教程(含CD光盘1张) 宋三华 魏雪峰 电子工业出版社 9787121260551"
54698," Java Web 案例教程 孙利 电子工业出版社 9787121249280"
54699," 中文版AutoCAD 2014简明实用教程(图解精华版)(配光盘) 何淼淼 岳璐 刘予申 清华大学出版社 978730"
54700," 精雕细琢 陈志民 机械工业出版社 9787111485513"
54701," 中文版AutoCAD 2015室内装潢设计从入门到精通 麓山文化著 机械工业出版社 9787111486794"
54702," 51单片机初级入门实战教程 安康 机械工业出版社 9787111476900"
54703," 零起点学习单片机多语言编程 杨西明, 朱骐 机械工业出版社 9787111471387 新华书店 正版保障"
54704," 立体感+ 宋军 电子工业出版社 9787121251146"
54705," AutoCAD 2015中文版室内设计从业必学(含DVD光盘1张) 张志霞 电子工业出版社 9787121239052"
54706," HTML5动画制作神器——Adobe Edge Animate CC一本通 电子工业出版社 9787121250712"
54707," AutoCAD 2015中文版机械设计从业必学(含DVD光盘1张) 姜东海,黄凤晓,秦琳晶 电子工业出版社 97871"
54708," AutoCAD 2015中文版建筑设计从业必学(含DVD光盘1张) 田婧, 黄晓瑜 电子工业出版社 978712124"
54709," C语言程序设计案例教程 耿红琴, 姚汝贤 电子工业出版社 9787121249273"
54710," 【全新正版】面向对象和组件的C#编程 李军 9787030364906 科学出版社"
54711," 单片机C语言编程就这么容易 邓会国 化学工业出版社 9787122203090"
54712," Photoshop风光人文摄影后期高手之道(全彩)(含DVD光盘1张) 陈晓暾著 电子工业出版社 9787121264"
54713," 21天学通Java(第6版)(中文版累计销量超30000册) [美]卡登海德 人民邮电出版社 978711531111"
54714," 基于ANSYS平台有限元分析手册——结构的建模与分析*9787111314424 曾攀雷丽萍方刚"
54715," 【全新正版】微型计算机技术学习指导与习题解答 陈慈发,郭辉辉 9787030357458 科学出版社"
54716," C++ Templates中文版(模板奥秘，一览无余) (美)范德沃德,(美)约祖蒂斯 人民邮电出版社 9787115"
54717," ZBrush & 3ds Max 游戏角色创作实战案例(附送DVD光盘) 钟日辉 赵伟明 暨南大学出版社 978756"
54718," SolidWorks2014中文版快速入门实例教程 胡仁喜 机械工业出版社 9787111479338 新华书店 正版"
54719," UG NX9 0动力学与有限元分析从入门到精通 胡仁喜, 刘昌丽著 机械工业出版社 9787111477921 新华书"
54720," Java*动态网页设计教学做一体化教程 杨光, 孙丹 清华大学出版社 9787302315650"
54721," ANSYS有限元分析工程应用实例教程 涂振飞 9787112122394"
54722," Photoshop智能手机APP界面设计 左花苹著 中国青年出版社 9787515324999 新华书店 正版保障"
54723," Windows Server 2012 R2 Active Directory配置指南 戴有炜著 清华大学出版社 97"
54724," D3 js数据可视化实战手册 (加)朱启 人民邮电出版社 9787115360960 新华书店 正版保障"
54725," 高速数字接口原理与测试指南 李凯著 清华大学出版社 9787302376118 新华书店 正版保障"
54726," Authorware课件制作实用教程(第二版) 张运林 北京大学出版社 9787301253984"
54727," Maya三维动画制作案例教程(第2版) 王威 电子工业出版社 9787121254383"
54728," 中文版EDIUS Pro 7从入门到精通(案例超值版)(配光盘) 袁淑敏著 清华大学出版社 9787302365976"
54729," Photoshop CG角色绘制技法精解 CGWANG动漫教育著 人民邮电出版社 9787115367082 新华书店"
54730," 成品 朱雁,吴倩,王志新著 清华大学出版社 9787302365082 新华书店 正版保障"
54731," 网页设计与制作——基于计算思维 王海波 电子工业出版社 9787121219443 新华书店 正版保障"
54732," Objective-C基础教程(第2版) (美) Scott Knaster, Waqar Malik, Mark D"
54733," AutoCAD 2015中文版入门与提高 李波 机械工业出版社 9787111494607 新华书店 正版保障"
54734," C51单片机系统设计与应用简明教程(张晓芳) 张晓芳,刘瑞涛 化学工业出版社 9787122234872 新华书店 正"
54735," Java程序设计与应用开发 黄俊, 孙燮华 机械工业出版社 9787111448242 新华书店 正版保障"
54736," 触摸屏游戏设计 [美]Scott Rogers 人民邮电出版社 9787115337528 新华书店 正版保障"
54737," 经济管理中的计算机应用 李艳杰,李飒 化学工业出版社 9787122232755 新华书店 正版保障"
54738," UG NX 10 0钣金设计教程 北京兆迪科技有限公司著 机械工业出版社 9787111495932 新华书店 正版保"
54739," Illustrator CS6中文版图形设计实战从入门到精通 崔建成 人民邮电出版社 9787115335456 新华"
54740," 平面设计基础与应用教程(PhotoshopCS5)(附1光盘) 张立娜,邹芳 人民邮电出版社 978711531205"
54741," 中文版AutoCAD 2013机械制图实例教程 曹利杰,韩炬,王宝中 人民邮电出版社 9787115329950 新华"
54742," CATIA V5-6 R2014中文版基础设计案例课堂（货号：A3) 张云杰,郝利剑 9787302400875 清华"
54743," CorelDRAW 职业应用项目教程(X5版)(第2版，电脑美术设计与制作职业应用项目教程) 刘健,张丽霞 机械工业出"
54744," JavaScript新语(影印版) Axel Rauschmayer 东南大学出版社 9787564153892 新华"
54745," 计算机基础与应用实习指导（第五版）"
54746," 计算机应用基础综合技能训练 【正版书籍】"
54747," AutoCAD2015中文版机械设计实例教程 孙岩 机械工业出版社 9787111488729"
54748," 家具设计资料图集(附光盘)/CAD室内设计图库系列 正版 康海飞 9787532395057"
54749," SoliidWorks2015中文版快速入门实例教程 胡仁喜 机械工业出版社 9787111517610 新华书店 正"
54750," JavaScript编程精解(原书第2版) [美]马尔奇·哈弗贝克(Marijn Haverbeke) 机械工业出版社"
54751," AutoCAD 2016中文版建筑设计从入门到精通 孟培 机械工业出版社 9787111519072 新华书店 正版保"
54752," 现场：游戏CG原画设计 CG艺术坊著 机械工业出版社 9787111495284 新华书店 正版保障"
54753," 计算机组成原理实验 田祎 等 天津大学出版社 9787561851548"
54754," 计算理论导引(原书第3版) ［美］西普塞,段磊 机械工业出版社 9787111499718 新华书店 正版保障"
54755," 完全掌握ANSYS14 5有限元分析超级手册 张向东 机械工业出版社 9787111447931 新华书店 正版保障"
54756," 没什么难的HTML5完全自学手册"
54757," 园林景观设计施工图CAD图块集1(含光盘) 陈战是 9787112079223"
54758," 具体数学：计算机科学基础（英文版）（第２版） (美)Ronald L. Graham,(美)Donald E. Knu"
54759," 正版-CBS-科学家的工作与创新方法系列研究丛书--方正大师：王选 9787504659538 中国科学技术出版社 知"
54760," 机械制图与CAD 林党养,吴育钊 9787508376691 中国电力出版社"
54761," 【清华社】Audition CC全面精通：录音剪辑+消音变调+配音制作+唱歌后期+案例实战"
54762," 中文版AutoCAD 2014建筑设计实战从入门到精通（货号：A7) CAD辅助设计教育研究室 97871154047"
54763," 计算机视觉 运动分析"
54764," 平板显示驱动技术 蒋泉 国防工业出版社 9787118094725 新华书店 正版保障"
54765," 中文版AutoCAD 2014家具设计实训案例教程 王海文 等 中国青年出版社 9787515325514 新华书店"
54766," 移动终端决胜之道—— APP视觉设计艺术(全彩) SunI视觉设计 电子工业出版社 9787121245008 新华书"
54767," VBA任务驱动教程 李政 国防工业出版社 9787118096156 新华书店 正版保障"
54768," 我所理解的Cocos2d-x 秦春林 电子工业出版社 9787121246258 新华书店 正版保障"
54769," 数据结构与算法JavaScript描述 []Michael McMillan 人民邮电出版社 978711536339"
54770," 化工设计CAD绘图快速入门 谭荣伟 化学工业出版社 9787122208217 新华书店 正版保障"
54771," UG NX 8 0模具设计教程(典藏版) 展迪优 机械工业出版社 9787111487524"
54772," UG NX 8 0钣金设计教程(典藏版) 展迪优 机械工业出版社 9787111488095"
54773," 计算复杂性 Christos H.Papadimitriou (美)克里斯特斯 H .帕帕季米特里乌 97871115"
54774," 【电力社】C#网络程序开发案例教程"
54775," 打印机常见故障检修 韩雪涛 韩广兴 吴瑛 金盾出版社 9787508275901"
54776," 典藏 新视角文化行著 人民邮电出版社 9787115358158 新华书店 正版保障"
54777," Pro/ENGINEER Wildfire 5 0中文版实用教程 孙小捞,祁和义,赵敬云 化学工业出版社 978712"
54778," UG NX 9中文版机械与产品造型设计实例精讲 麓山文化 机械工业出版社 9787111476672 新华书店 正版保"
54779," photoshop CS5数码照片处理从入门到精通(实战版)(含DVD) 9787111352334 机械工业出版社"
54780," 让移动设计更简单：Sketch 3操作指南与实战详解 郑成云著 电子工业出版社 9787121274107 新华书店"
54781," 数学之美(第二版) 吴军著 人民邮电出版社 9787115373557 新华书店 正版保障"
54782," 教你轻松玩转Flash CS6 动画制作入门与进阶 张顺利,马丽娟 等 机械工业出版社 9787111500933 新"
54783," C语言程序设计 吴芸,翁伟 厦门大学出版社 9787561550786 新华书店 正版保障"
54784," CATIA V5-6 R2014曲面设计实例精解 北京兆迪科技有限公司著 机械工业出版社 9787111499237"
54785," AutoCAD 2018中文版入门与提高——建筑水暖电设计,CAD/CAM/CAE技术联盟,清华大学出版社,97873"
54786," 3ds Max+VRay效果图快速表现,林琳,化学工业出版社,9787122238986"
54787," HTML+CSS+JavaScript Web前端开发技术 聂常红 人民邮电出版社 9787115453716 新华书"
54788," Android 嵌入式编程 [美] 罗杰·叶(Roger Ye) 人民邮电出版社 9787115493804 新华书店"
54789," Qt开发Symbian应用权威指南 DevDiv移动开发社区 机械工业出版社 9787111360896 新华书店 正"
54790," 社会网络视域下的开放获取机制 盛小平 中山大学出版社 9787306060808 新华书店 正版保障"
54791," AutoCAD 2018中文版电气设计从入门到精通 张玺 李纮 李申鹏 人民邮电出版社 9787115496904 新"
54792," Adobe Illustrator CS6 图形设计与制作案例技能实训教程,姚春丽张丽敏石伟华作,北京希望电子出版社,"
54793," Dreamweaver CS6从入门到精通(铂金精粹版)(1DVD),杨淑云姜一梅徐晔王小国,中国青年出版社,9787"
54794," 交互式电子白板与多媒体CAI课件制作教程(第2版),冯建平,邓居英,人民邮电出版社,9787115253033"
54795," AutoCAD 2018中文版建筑设计从入门到精通 刘炳辉 井水兰 人民邮电出版社 9787115495181 新华书"
54796," Python全栈数据工程师养成攻略(视频讲解版),张宏伦,人民邮电出版社,9787115468697"
54797," CATIA三维设计基础与应用 刘宏新, 徐高伟, 孟永超 机械工业出版社 9787111457381 新华书店 正版保"
54798," 算法谜题 Anany Levitin 人民邮电出版社 9787115338440 新华书店 正版保障"
54799," UI移动端界面动画创意与实现 王红卫 等 机械工业出版社 9787111612582 新华书店 正版保障"
54800," Maya 2017三维动画建模案例教程 伍福军 电子工业出版社 9787121315541 新华书店 正版保障"
54801," AutoCAD 2014中文版标准教程 出版社:电子工业出版社 电子工业出版社 9787121223891 新华书店"
54802," 中文版Illustrator CC实用教程,水木居士,人民邮电出版社,9787115485090"
54803," 写实风格场景原画绘制,王智勇、谌宝业,清华大学出版社,9787302481881"
54804," 信息论与编码(第2版),傅祖芸赵建中,电子工业出版社,9787121226700"
54805," Photoshop CC 2018从入门到精通,龙马高新教育,北京大学出版社,9787301300237"
54806," 从零开始 老虎工作室 纪丽 徐孟 王虹著 人民邮电出版社 9787115340450 新华书店 正版保障"
54807," 【正版现货】微型计算机原理及应用 王霆 9787560333564 哈尔滨工业大学出版社"
54808," Python高级数据分析：机器学习、深度学习和NLP实例,[印] 萨扬·穆霍帕迪亚(Sayan Mukhopadhya"
54809," Python量化交易实战,王晓华,清华大学出版社,9787302517634"
54810," AutoCAD 2017中文版机械设计实例教程,CAD/CAM/CAE技术联盟,清华大学出版社,97873024768"
54811," 【正版现货】燃烧远征：快速升级手册 职玩商务网 9787560322919 哈尔滨工业大学出版社"
54812," 数据科学实战之网络爬取：Python实践和示例 [比] 希普·万登·布鲁克(Seppe vanden Broucke)"
54813," 计算机科学精粹 [巴西]沃德斯顿·费雷拉·菲尔多(Wladston Ferreira F 人民邮电出版社 978711"
54814," 计算机应用基础 张中兴,向春枝 苏州大学出版社 9787811377866 新华书店 正版保障"
54815," SolidWorks 官方认证考试习题集——CSWA考试指导,(美)普兰查德,普兰查德,陈超祥,胡其登译,机械工业出版"
54816," 零基础学Photoshop CS6 全视频教学版,水木居士,人民邮电出版社,9787115494825"
54817," JavaScript函数式编程指南 [美] 路易斯·阿泰西奥(Luis Atencio) 9787115462046"
54818," 二维动画设计软件应用（Flash CS6） 马玥桓 9787121248672"
54819," CATIA V5 R21中文版从入门到精通(配光盘)(CAD/CAM从入门到精通) 张云杰, 张云静 清华大学出版社"
54820," C++ Primer(英文版)(第5版) (美)李普曼,(美)拉乔伊,(美)默 电子工业出版社 97871212003"
54821," Hadoop专家:管理、调优与Spark|YARN|HDFS安全 (美)Sam R. Alapati(山姆·阿拉帕蒂)"
54822," 精通Android应用开发 王治国 清华大学出版社 9787302356516 新华书店 正版保障"
54823," 新编C语言习题与解析(新编计算机专业重点课程辅导丛书) 李春葆 清华大学出版社 9787302306191"
54824," Photoshop数码摄影风景照片精修——恋爱中的风景 9787111396222 机械工业出版社"
54825," 常用零部件的SolidWorks三维建模与仿真 郭术义 国防工业出版社 9787118092578 新华书店 正版保障"
54826," 3ds Max/After Effects电视包装技术全解析 精鹰传媒 人民邮电出版社 9787115362995 新"
54827," 移动终端应用创意与程序设计(2015版) 黄先开 电子工业出版社 9787121274909 新华书店 正版保障"
54828," 醉美古风-CG插画自学秘笈(全彩、配光盘、限量赠送精美明信片) 痕迹 电子工业出版社 9787121274268 新华"
54829," 新编中文版EDIUS 6标准教程 赵晓红, 田立群 海洋出版社 9787502785284"
54830," 中文版CorelDRAW X6平面设计(含DVD光盘1张) 张江波 等 电子工业出版社 9787121220708 新"
54831," Flash CS6中文版动画制作基础教程(配光盘)(新起点电脑教程) 文杰书院 清华大学出版社 97873023393"
54832," 计算机组装 维护与故障排除基础教程(修订版)(配光盘)(新起点电脑教程) 文杰书院 清华大学出版社 978730233"
54833," Java基础与案例开发详解(配光盘)(软件开发新课堂) 徐明华,邱加永,纪希禹 清华大学出版社 97873023400"
54834," 中文版AutoCAD 2012从入门到精通(配光盘)(学电脑从入门到精通) 九州书源 张良瑜 张良军 清华大学出版社"
54835," Dreamweaver CS6网页设计与制作基础教程(配光盘)(新起点电脑教程) 文杰书院 清华大学出版社 97873"
54836," Android C++高级编程——使用NDK(移动开发经典丛书) (美) 辛纳 (Cinar,O.) 清华大学出版社"
54837," 高级C/C++编译技术 (美)斯特瓦诺维奇,卢誉声 机械工业出版社 9787111496182 新华书店 正版保障"
54838," 数字货币——比特币数据报告与操作指南 李钧 电子工业出版社 9787121222665 新华书店 正版保障"
54839," 深入解析Android虚拟机 张子言 清华大学出版社 9787302344087 新华书店 正版保障"
54840," 未来10年中国学科发展战略 信息科学 国家自然科学基金委,中国科学院 科学出版社 9787030323019 新华书店"
54841," 图像处理大师 张刚峰 清华大学出版社 9787302313458"
54842," 数字图像处理与分析(第3版) 杨帆著 北京航空航天大学出版社 9787512417755 新华书店 正版保障"
54843," CATIA机械加工工艺教程 盛选禹,李明志 机械工业出版社 9787111486060 新华书店 正版保障"
54844," AutoCAD 2014中文版建筑设计从入门到精通(配光盘) CAD/CAM/CAE技术联盟 清华大学出版社 9787"
54845," Illustrator CC图形设计入门、进阶与提高 韩少云,李翊,刘涛著 电子工业出版社 9787121259562"
54846," 西门子S7 PLC应用简明教程 李方园 杨帆 等 机械工业出版社 9787111411819"
54847," AutoCAD辅助景观工程设计 江婷 机械工业出版社 9787111514756 新华书店 正版保障"
54848," 3ds max 2015从入门到精通 麓山文化 机械工业出版社 9787111498162 新华书店 正版保障"
54849," Dreamweaver CS6、Flash CS6、Photoshop CS6网页设计完全学习手册 本书编写组 人民邮"
54850," 中文版CorelDRAW X6完全自学教程 孟俊宏,陆园园 人民邮电出版社 9787115333216 新华书店 正版"
54851," Photoshop移动终端APP界面设计(全彩) 数码创意著 电子工业出版社 9787121260216 新华书店 正"
54852," AutoCAD 2014中文版园林景观设计从入门到精通(配光盘) CAD/CAM/CAE技术联盟著 清华大学出版社 9"
54853," AutoCAD 2014中文版土木工程设计从入门到精通(配光盘) CAD/CAM/CAE技术联盟 清华大学出版社 97"
54854," Div+CSS 3+jQuery网页布局案例精粹(含DVD光盘1张) 李晓斌著 电子工业出版社 97871212607"
54855," AutoCAD 2014中文版电气设计从入门到精通(配光盘) CAD/CAM/CAE技术联盟著 清华大学出版社 978"
54856," 对现场：游戏CG原画设计*9787111495284 CG艺术坊著"
54857," CUDA C编程指南（货号：M) 9787111565475 机械工业出版社 [美]程润伟(John Cheng)威尔"
54858," 面向ArcGIS的Python脚本编程 [美]Paul A. Zandbergen,李明巨 人民邮电出版社 97871"
54859," AutoCAD 2014中文版室内装潢设计从入门到精通(配光盘)(清华社“视频大讲堂”大系CA CAD/CAM/CAE"
54860," AutoCAD 2014中文版机械设计从入门到精通(配光盘) CAD/CAM/CAE技术联盟著 清华大学出版社 978"
54861," UG NX 9数控加工应用教程(配光盘)(CAD/CAM技能型人才培养丛书) 温海阳,郝守海著 清华大学出版社 978"
54862," C++语言导学 (美)Bjarne Stroustrup,王刚 机械工业出版社 9787111498124 新华书店"
54863," AutoCAD 2014中文版家具设计从入门到精通(配光盘) CAD/CAM/CAE技术联盟著 清华大学出版社 978"
54864," AutoCAD 2014中文版从入门到精通(实例版)(配光盘) CAD/CAM/CAE技术联盟 清华大学出版社 978"
54865," C#程序设计项目教程 温一军,周洪斌 电子工业出版社 9787121242465"
54866," 中文版3ds max2012/VRay室内装饰效果图设计经典教程 麓山文化著 机械工业出版社 978711147701"
54867," AutoCAD 2015中文版实用教程 胡仁喜,刘昌丽,郝瑞参著 机械工业出版社 9787111478515 新华书店"
54868," 计算机导论 陈红梅 西安电子科技大学出版社 9787560636511 新华书店 正版保障"
54869," JavaScript前端开发实用技术教程 岳学军 人民邮电出版社 9787115363008 新华书店 正版保障"
54870," 深入分析Java Web技术内幕(修订版) 许令波 电子工业出版社 9787121232930 新华书店 正版保障"
54871," 众妙之门 [德]Smashing 杂志,李函霖 人民邮电出版社 9787115371713 新华书店 正版保障"
54872," Pro/ENGINEER 5 0产品造型与典型注塑模具设计 陈晓勇,王谦 电子工业出版社 9787121250118"
54873," 学习使用C指针(影印版) (美)雷斯 住 东南大学出版社 9787564146030 新华书店 正版保障"
54874," 学习Java 第四版(影印版) (美)尼麦耶,(美)洛伊克 东南大学出版社 9787564145965 新华书店 正版"
54875," Android 编程宝典 秦建平 北京航空航天大学出版社 9787512410800"
54876," Visual Basic从入门到精通(第2版) 国家863中部软件孵化器 人民邮电出版社 9787115377203"
54877," C#从入门到精通(第2版) 国家863中部软件孵化器 人民邮电出版社 9787115383570"
54878," 游戏，让学习成瘾 (美)卡普,陈阵 机械工业出版社 9787111498964 新华书店 正版保障"
54879," 深入剖析Android开发：小应用里的大智慧 张泳,葛丽娜著 人民邮电出版社 9787115358561 新华书店 正"
54880," AutoCAD 土木工程制图从入门到精通 李波 等 机械工业出版社 9787111418191"
54881," UG NX 8 5模具设计教程 北京兆迪科技有限公司 机械工业出版社 9787111416692"
54882," AutoCAD 2013机械设计与工程应用从入门到精通 李波 等 机械工业出版社 9787111415466"
54883," ANSYS 14 0工程实例解析与常见问题解答 张洪才著 机械工业出版社 9787111416791"
54884," 网页配色与实战（货号：A7) 安雪梅 9787302433613 清华大学出版社书源图书专营店"
54885," 正版-YL-C++Primer 英文版 （第5版） (美)李普曼,(美)拉乔伊,(美)默 9787121200380"
54886," JavaScript启示录 正版 Cody Lindley 9787115334947"
54887," Java编码指南写安全可靠程序的75条建议 正版 弗雷德朗（Fred Long）德鲁莫欣达（Dhruv Moh 978"
54888," Python设计模式 第2版 9787115458803"
54889," 数字逻辑及计算机组成实验指导 倪金龙,朱安定 浙江工商大学出版社 9787517806233 新华书店 正版保障"
54890," 嵌入式系统基础及应用 焦键 等 重庆大学出版社 9787562481348 新华书店 正版保障"
54891," 【全新正版】网页设计与制作教程 周洪建 9787030345790 科学出版社"
54892," JavaEE基础实用教程(第2版) 郑阿奇 电子工业出版社 9787121252068"
54893," 机械CAD/CAM实习考证通用图册 张婷 电子工业出版社 9787121111907 新华书店 正版保障"
54894," UG NX 8 0五轴编程实例教程(五轴编程实例系列教程) 褚辉生 机械工业出版社 9787111486251"
54895," CAXA制造工程师2013与数控车(附光盘) 姬彦巧 化学工业出版社 9787122221841"
54896," 3ds Max游戏设计师经典课堂 上官大堰,索文著 清华大学出版社 9787302382003"
54897," EDA技术 崔莉 华中科技大学出版社 9787568005524 新华书店 正版保障"
54898," Solr 实战 (美)Trey Grainger(崔.格兰杰) , Timothy Potter(提摩 9787121"
54899," 高校动画专业实践创新研究 黄佳 9787517057567"
54900," AutoCAD 2016中文版从入门到精通(第2版) 9787121284977"
54901," 正版书籍 Mastercam软件应用技术 傅伟 9787115144515 人民邮电出版社"
54902," 计算机应用基础案例教程 李任翀 等 中航出版传媒有限责任公司 9787516504789 新华书店 正版保障"
54903," 军事俄语（货号：A7) 9787544630924 上海外语教育出版社 薛兴国"
54904," 认知无线电架构:无线XML的工程基础:the engineering foundations of radion XM"
54905," 在你身边，为你设计：的用户体验设计之道(全彩) 腾讯公司用户研究与体验设计部 9787121186066"
54906," AutoCAD上机指导 姚建平 等 中航出版传媒有限责任公司 9787516504796 新华书店 正版保障"
54907," 电脑动画前期设计 孙进著 中国轻工业出版社 9787501997923 新华书店 正版保障"
54908," 组合服务建模、测试与验证 李必信、张鹏程 科学出版社 9787030360397"
54909," 3ds max室内效果图制作 沈永梅 中国劳动社会保障出版社 9787516716427 新华书店 正版保障"
54910," 突破平面Illustrator CS6设计与制作深度剖析(配光盘)(平面设计与制作) 李金蓉 清华大学出版社 9787"
54911," 【套装2本】 明解C语言 c语言编程教程 c语言从入门到精通 C语言程序设计教材 c语言入门经典教程shu C Pri"
54912," 大学计算机应用基础 刘艳丽,曾煌兴 9787040151152 高等教育出版社教材系列"
54913," 新编AutoCAD 2016从入门到精通 9787115447647"
54914," 【现货机工社】SolidWorker快速入门教程-(2013中文版)-(含2DVD)"
54915," 交替传译中基于认知映射的信息处理模式 金莹 9787302460503"
54916," 实用有趣的C语言程序 杜树春 9787302462194"
54917," 未来世界的幸存者+前方的路 阮一峰 博客文集"
54918," 基于MATLAB的GPU编程"
54919," 计算机应用基础综合实训演练指导"
54920," C++程序设计原理与实践（进阶篇）（本科教材）（货号：M) 9787111562528 机械工业出版社 [美] 本贾尼"
54921," Visio 2013图形设计从新手到高手(配光盘)(从新手到高手) 郭新房,孙岩 清华大学出版社 9787302372"
54922," Python程序设计 张雪萍 9787121360732"
54923," 中文版IllistratprCS5平面设计项目教程 宣航骆媛艾志平 上海科学普及出版社 9787542760951 新"
54924," 算法竞赛入门经典(第2版) 清华大学出版社"
54925," 计算机辅助调香：研究与应用 钟科军、梁逸曾、卢红兵、严军著 化学工业出版社 9787122227201 新华书店 正版"
54926," AutoCAD 2015从入门到精通 李杰臣著 机械工业出版社 9787111516026 新华书店 正版保障"
54927," 中文版Photoshop数码照片处理经典案例(赠光盘1张) 一线科技.卓文 上海科学普及出版社 97875427588"
54928," 中文版CoreIDRAW平面设计经典案例(赠光盘1张) 卓文 上海科学普及出版社 9787542758910 新华书店"
54929," Raspberry Pi：Python编程入门 (英)Simon Monk著；姜斐祚译 科学出版社 978703039"
54930," 【新书店正版】AutoCAD建筑设计与天正TArch工程项目实战(含1DVD) 张日晶 机械工业出版社"
54931," Python强化学习实战：应用OpenAI Gym和TensorFlow精通强化学习和深度强化学习 Sudharsan"
54932," 中文版Mastercam 2018数控加工从入门到精通 李敬文 9787111620068 机械工业出版社"
54933," 微机原理与接口技术例题及习题详解 孔庆芸,秦晓红 电子工业出版社 9787121257414 新华书店 正版保障"
54934," 单片机原理与应用(C语言版)——基于STC15W201S系列单片机 丁向荣 电子工业出版社 9787121246357"
54935," Cocos2d-X 3 0游戏开发实战详解 吴亚峰,闫敬,于复兴著 人民邮电出版社 9787115369062 新华书"
54936," 产品设计计算机快速表达：Photoshop、SAI及数位板 张蓓蓓,李存,李建民著 海洋出版社 97875027895"
54937," HTML5技术与移动出版 唐俊开 电子工业出版社 9787121214493 新华书店 正版保障"
54938," Android应用开发攻略 Ian F. Darwin 姚军 机械工业出版社 9787111414117"
54939," 3ds Max 2013 VRay效果图制作实战从入门到精通 第2版 新视角文化行 9787115455895"
54940," 移动互联网 梁晓涛,汪文斌 武汉大学出版社 9787307103740"
54941," 计算机组装与维护(第2版) 王纪东,陈锦玲 人民邮电出版社 9787115307781"
54942," AutoCAD 2014中文版机械设计从入门到精通 李波 机械工业出版社 9787111480006 新华书店 正版保"
54943," 轻松掌握笔记本电脑维修技术(芯片级) 郭波 电子工业出版社 9787121221491 新华书店 正版保障"
54944," 数据结构(C语言版)导教 导学 导考——新三导丛书 夏清国,姚群 西北工业大学出版社 9787561217542"
54945," 【全新正版】网页设计案例教程 郭建东 9787030343253 科学出版社"
54946," 仿生模式识别与多权值神经元 王守觉,刘扬阳,来疆亮 等 国防工业出版社 9787118080810"
54947," Dreamweaver CC网页制作比你想的简单 邓文渊 清华大学出版社 9787302417392 新华书店 正版保"
54948," 地理课件制作 刘华,尚志海 华中科技大学出版社 9787568003902"
54949," 具体数学：计算机科学基础(第2版)(世界非常有名的数学家和计算机科学家经典之作，无可替代) [美]葛立恒 人民邮电出版"
54950," Java Web 项目开发实训教程 刘嵩 水利水电出版社 9787517028659 新华书店 正版保障"
54951," CAXA 2013电子图板从入门到精通 博创设计坊组编 机械工业出版社 9787111450795 新华书店 正版保障"
54952," 基于STC89C52单片机的控制系统设计 陈中,朱代忠著 清华大学出版社 9787302404583 新华书店 正版保"
54953," GIMP 2 6图像处理经典教程 (阿根廷)Juan Manuel Ferreyra 科学出版社 9787030368"
54954," UG NX 8 0 数控加工实例精解 展迪优 机械工业出版社 9787111416159"
54955," 3D打印：从全面了解到亲手制作 杨振贤,张磊,樊彬著 化学工业出版社 9787122230249 新华书店 正版保障"
54956," 现代机器人学基础与控制研究"
54957," PHOTOSHOP CS3/CS4 WOW!BOOK（货号：B1） 9787500697909 中国青年出版社 (美)"
54958," 中文版会声会影X7从入门到精通 麓山文化著 机械工业出版社 9787111475736 新华书店 正版保障"
54959," 中文版Dreamweaver CC完全自学一本通(含DVD光盘1张) 电子工业出版社 9787121245596"
54960," 粒子群算法及其工业应用 钱锋 科学出版社 9787030346520"
54961," Unity 4 3游戏开发项目实战(C#、JavaScript版本)(含光盘) 龚老师 水利水电出版社 9787517"
54962," 3ds max/VRay室内外设计材质与灯光速查手册(第2版)(全彩)(含DVD光盘1张) 刘正旭 电子工业出版社 9"
54963," 中文版AutoCAD 2015从入门到精通 陈志民 机械工业出版社 9787111476986 新华书店 正版保障"
54964," ANSYS Workbench结构工程高级应用(万水ANSYS技术丛书) 刘笑天著 水利水电出版社 978751702"
54965," CATIA工程制图 刘宏新 等 机械工业出版社 9787111433323 新华书店 正版保障"
54966," AutoCAD上机指导 程静,于海霞 国防工业出版社 9787118103816 新华书店 正版保障"
54967," 计算机组成与设计：硬件/软件接口(原书第5版) (美)帕特森,(美)亨尼斯,王党辉 机械工业出版社 978711150"
54968," ANSYS 15 0有限元分析从入门到精通 宋鹏 机械工业出版社 9787111496755 新华书店 正版保障"
54969," 3ds Max 2015/VRay效果图制作完全自学一本通(局彩)(含DVD光盘1张) 范景泽著 电子工业出版社 97"
54970," 【全新正版】设计师日记18天学通Photoshop CS5(全彩)(赠送440分钟高清多媒体语音教学视频) SUN I"
54971," 实战Java高并发程序设计 葛一鸣著 电子工业出版社 9787121273049 新华书店 正版保障"
54972," Pro/ENGINEER野火版5 0：曲面设计快速入门、进阶与精通(全程语音视频讲解 附光盘) 应学成 电子工业出版社"
54973," 看图学艺 服装篇--Illustrator现代箱包鞋靴设计实用教程 卢雪清 化学工业出版社 9787122240347"
54974," UG NX 10中文版数控加工从入门到精通 麓山文化著 机械工业出版社 9787111498155 新华书店 正版保障"
54975," 零度庄园 赵伟楠著 人民邮电出版社 9787115333292 新华书店 正版保障"
54976," Android系统优化从入门到精通 胡郁 机械工业出版社 9787111516163 新华书店 正版保障"
54977," Photoshop CS6数码照片处理完全自学经验分享(全彩)(含DVD光盘1张) 暮翊 电子工业出版社 978712"
54978," 火星人 火星时代 人民邮电出版社 9787115333780 新华书店 正版保障"
54979," 计算机辅助翻译入门 吕奇,杨元刚 武汉大学出版社 9787307154810 新华书店 正版保障"
54980," 数字鸿沟测度理论与方法"
54981," 互联网哲学——互联网+时代的人类智慧 仲昭川 电子工业出版社 9787121258718 新华书店 正版保障"
54982," 电脑选购/组装/优化/维护/故障排除从入门到精通(配光盘)(学电脑从入门到精通) 九州书源 羊清忠 董娟娟 清华大学出"
54983," 计算机应用基础 第3版 周智文 机械工业出版社 9787111411987"
54984," AutoCAD 2015中文版实操实练权威授权版 ACAA教育 电子工业出版社 9787121256301 新华书店"
54985," Flash CS6 动画设计与特效制作220例(配光盘) 邓文达,谢丰,郑云鹏 清华大学出版社 97873023242"
54986," AutoCAD建筑图形设计与天正建筑TArch工程实践(2012中文版)(配光盘) 孙明 清华大学出版社 978730"
54987," 中文版Photoshop CS6从入门到精通(配光盘)(学电脑从入门到精通) 九州书源 彭小霞 何晓琴 清华大学出版社"
54988," 中文版Premiere影视制作从入门到精通(配光盘)(学电脑从入门到精通) 九州书源 宋晓均 张春梅 清华大学出版社"
54989," C++基础与案例开发详解(软件开发新课堂) 王海龙,程传鹏 清华大学出版社 9787302339618 新华书店 正版"
54990," PowerPoint多媒体课件与演示制作实用教程(配光盘) 科教工作室 清华大学出版社 9787302325833 新"
54991," Visual C# 2012从入门到精通(微软技术丛书) (英)夏普,周靖 清华大学出版社 9787302345091"
54992," 电子政务基础 何振 湖南大学出版社 9787566706485"
54993," 3ds Max影视包装材质渲染手册 精鹰传媒 人民邮电出版社 9787115365590 新华书店 正版保障"
54994," ANSYS15 0多物理耦合场有限元分析从入门到精通 胡仁喜 机械工业出版社 9787111485551"
54995," 深入应用C++11：代码优化与工程级应用 祁宇 机械工业出版社 9787111500698 新华书店 正版保障"
54996," 轻松学AutoCAD 2015机械工程制图(含DVD光盘1张)(双色) 李波 电子工业出版社 978712126206"
54997," Solidworks 2013 中文版快速入门实例教程(计算机辅助设计快速入门系列) 胡仁喜 机械工业出版社 9787"
54998," 中文版3ds Max 2012完全自学教程(超值版) 瞿颖健 人民邮电出版社 9787115333285 新华书店 正"
54999," Adobe After Effects CS6 影视后期设计与制作案例技能实训教程 铁钟,彭恺翔,王薇薇 北京希望电子"
55000," Flash CS6中文版标准实例教程 胡仁喜 机械工业出版社 9787111406396"
55001," 数码摄影后期处理秘笈 Photoshop CC商品照片精修 严晨,杨智坤 机械工业出版社 9787111498940"
55002," 新手学Photoshop智能手机APP界面设计(实例版)(全彩) 数码创意著 电子工业出版社 978712125893"
55003," 深入理解UNIX系统内核 (美)瓦哈利亚,李雨,薛磊,黄庆新 机械工业出版社 9787111491453 新华书店 正"
55004," Photoshop CC设计之道 APP视觉创意与设计 严晨,杨智坤 机械工业出版社 9787111498957 新华"
55005," Java EE 7权威指南：卷2(原书第5版) (美)珍兆科,苏金国 机械工业出版社 9787111497110 新华"
55006," AutoCAD 2013入门与实战--中文版AutoCAD 2013绘图基础与实例精讲(附光盘) 云海科技 化学工业出"
55007," 详解AutoCAD中文版家具设计(附光盘) 9787113120023 中国铁道出版社"
55008," 中文版Photoshop CS6标准教程 雷波 中国电力出版社 9787512351868 新华书店 正版保障"
55009," 算法与高级语言程序设计 高飞, 白霞 电子工业出版社 9787121247125"
55010," 网络时代的政治参与和政党变革研究 程玉红 知识产权出版社 9787513024471 新华书店 正版保障"
55011," 计算机科学概论(英文版 第5版) (美)Dale 机械工业出版社 9787111448136"
55012," Photoshop 质感传奇 雷波著 中国电力出版社 9787512347397 新华书店 正版保障"
55013," 飞机结构机加件CATIA V5规范化建模 沈阳飞机设计研究所结构部著 中航出版传媒有限责任公司 97875165069"
55014," UG NX 8 5 注射模具设计实例精讲 路英华 机械工业出版社 9787111483748"
55015," UG NX 应用与实训教程 魏峥 清华大学出版社 9787302403609 新华书店 正版保障"
55016," 计算机组装与维护 祝捷 知识产权出版社 9787513021838 新华书店 正版保障"
55017," Autodesk Revit Architecture 2015官方标准教程 柏慕进业著 电子工业出版社 978712"
55018," 抠图+修图+调色+合成+特效Photoshop核心应用5项修炼 曾宽, 潘擎 人民邮电出版社 978711530361"
55019," 中文版网页制作三合一项目教程 支和才,叶宾,吴嵘 上海科学普及出版社 9787542763471 新华书店 正版保障"
55020," 中文版Flash CS6动画制作项目教程 谷冰,吴观福,王永刚 上海科学普及出版社 9787542763365 新华书"
55021," 网页界面设计 黄玮雯 人民邮电出版社 9787115297341"
55022," 中文版Dreamweaver CS5网页制作实用教程 徐冰,冯宁,陈士磊 上海科学普及出版社 978754276325"
55023," 中文版PowerPoint 2010演示文稿制作项目教程 穆红涛,毛金玲,任雪莲 上海科学普及出版社 97875427"
55024," CorelDRAW X6平面广告设计经典108例 陈志民 机械工业出版社 9787111408734"
55025," UG NX 8 0 数控加工自动编程 第4版 康亚鹏 等 机械工业出版社 9787111406808"
55026," 中文版CorelDRAW X6从入门到精通 麓山文化著 机械工业出版社 9787111408772"
55027," 中文版AutoCAD 2015基础与应用项目教程 胡艳梅,陈国靖,马少辉 上海科学普及出版社 978754276335"
55028," 多媒体传输与视觉跟踪关键技术 杨戈 科学出版社 9787030391216 新华书店 正版保障"
55029," 中文版3dsmax2014／VRay效果图全能教程 姚丹丽,李平 机械工业出版社 9787111479567 新华书店"
55030," 中文版AutoCAD 2014完全自学手册(配光盘)(AutoCAD 2014应用与开发系列) 高克臻 清华大学出版社"
55031," CATIA V5-6 R2013中文版数控加工教程(配光盘)(CAD/CAM/CAE基础与实践) 张云杰,乔建军 清华"
55032," Cocos2d-x入门经典 冯立鹏 人民邮电出版社 9787115359766 新华书店 正版保障"
55033," UG NX 9 0模具设计实例精解(UG软件应用认证指导用书) 北京兆迪科技有限公司 水利水电出版社 97875170"
55034," AutoCAD 2014室内装饰装潢全程范例培训手册(配光盘) 张传记陈松焕 清华大学出版社 978730236302"
55035," AutoCAD 2014中文版建筑设计高手118招(含DVD光盘1张) 方丹江涛 电子工业出版社 9787121235"
55036," 数字动画创作与后期视频处理技术 马利庄 上海交通大学出版社 9787313108258 新华书店 正版保障"
55037," 【全新正版】随身查-家庭电脑使用与维护技巧 前沿文化著 9787030310125 科学出版社"
55038," 中文版CorelDRAW X6实用教程 徐文祥武徽 人民邮电出版社 9787115357397 新华书店 正版保障"
55039," Java Web自学视频教程(配光盘)(软件开发自学视频教程) 软件开发技术联盟著 清华大学出版社 978730237"
55040," AutoCAD 2014机械设计全套图纸绘制大全 云海科技著 机械工业出版社 9787111439370 新华书店 正"
55041," 【全新正版】新手学上网(应用篇)(第2版)(附光盘) 杰创文化著 9787030305206 科学出版社"
55042," 【全新正版】新概念3ds Max2011中文版教程(第6版) 成昊著 9787030306814 科学出版社"
55043," Maya插件与高级技巧火星风暴 万建龙 人民邮电出版社 9787115302571"
55044," 网页设计与网站建设完全学习手册(配光盘)(完全学习手册) 刘贵国作 清华大学出版社 9787302328551 新华书"
55045," Html+JavaScript网页制作与开发完全学习手册(配光盘)(完全学习手册) 刘贵国作 清华大学出版社 9787"
55046," DIV+CSS网页样式与布局完全学习手册(配光盘)(完全学习手册) 刘贵国 清华大学出版社 9787302333630"
55047," 中文版MasterCAM X7数控加工完全学习手册(配光盘)(完全学习手册) 吕英波 清华大学出版社 97873023"
55048," Photoshop高效应用快捷命令(高效随身查) 赛贝尔资讯 清华大学出版社 9787302353669 新华书店 正"
55049," 网页布局与配色完全学习手册(完全学习手册) 张连元作 清华大学出版社 9787302333616 新华书店 正版保障"
55050," AutoCAD高效绘图快捷命令(高效随身查) 赛贝尔资讯 清华大学出版社 9787302353560 新华书店 正版保"
55051," 中文版Premiere pro CC实例教程 尹小港 海洋出版社 9787502788865 新华书店 正版保障"
55052," 图解网络硬件 (日)三轮贤一 人民邮电出版社 9787115360366 新华书店 正版保障"
55053," Android 4 X 开发完全上手——手把手构建完整Android App范例(移动开发经典丛书) (美) Jame"
55054," Android开发秘籍(第2版) (美)施瓦茨 人民邮电出版社 9787115355171 新华书店 正版保障"
55055," Solidworks2014中文版从入门到精通 麓山文化 机械工业出版社 9787111470830 新华书店 正版保"
55056," 【全新正版】新概念Premiere Pro CS5多媒体制作教程 成昊王成志 9787030306746 科学出版社有"
55057," 数字媒体中的隐写术：原理，算法和应用 Jessica Fridrich 国防工业出版社 9787118093643 新"
55058," UG NX 8 5多轴数控加工典型实例详解 第2版 高长银 等 机械工业出版社 9787111442431 新华书店"
55059," 疯狂Java讲义精粹(第2版)(含CD光盘1张) 李刚著 电子工业出版社 9787121243462 新华书店 正版保"
55060," 新编中文版Photoshop CC标准教程 张丕军 海洋出版社 9787502788810 新华书店 正版保障"
55061," Android操作系统与应用开发 刘乃安 西安电子科技大学出版社 9787560629292"
55062," Photoshop CS6中文版从新手到高手(配光盘)(从新手到高手) 唐有明 清华大学出版社 97873023057"
55063," Flash CS6动漫创作技法(配光盘)(动漫梦工场) 杨仁毅著 清华大学出版社 9787302306689"
55064," Java趣味编程100例(配光盘) 衡友跃 清华大学出版社 9787302307402"
55065," Photoshop CS6服装画表现技法(附光盘) 徐丽,李佳轩 化学工业出版社 9787122165558 新华书店"
55066," 三维动画课程设计 郭早早张晓媛刘淼刘韬张文鹏作 南开大学出版社 9787310044634 新华书店 正版保障"
55067," Android 4 游戏高级编程(第2版)(移动与嵌入式开发技术) (美)席尔瓦 清华大学出版社 9787302307"
55068," Illustrator CS6完全自学手册(配光盘) 李东博 清华大学出版社 9787302304340"
55069," 原型设计：实践者指南 (美)沃菲尔 清华大学出版社 9787302305392"
55070," AutoCAD 2012 机械制图(配光盘)(精益工程视频讲堂(CAD/CAM/CAE)) 谢龙汉 清华大学出版社 9"
55071," 计算机辅助加工 邓中华作 北京理工大学出版社 9787564091422 新华书店 正版保障"
55072," AutoCAD 2014电气设计从入门到精通 博创设计坊组编 机械工业出版社 9787111448334 新华书店 正"
55073," 计算机组装与维护标准教程(2013-2015版)(配光盘)(清华电脑学堂) 宋强 清华大学出版社 9787302303"
55074," 精雕细琢 陈志民 机械工业出版社 9787111403708"
55075," 动态网页设计与制作——HTML+CSS+JavaScript(第2版) 吴以欣 人民邮电出版社 97871152835"
55076," 三维立体动画游戏开发设计——详解与经典案例 张金钊 等 北京邮电大学出版社有限公司 9787563532872"
55077," 基于HTML5的网页设计及应用 范伊红,黄彩霞,裴亚辉 电子工业出版社 9787121229374 新华书店 正版保障"
55078," Flash CS6中文版入门与提高实例教程(动态网站与网页设计教学与实践丛书) 胡仁喜, 杨雪静著 机械工业出版社 9"
55079," 完全掌握AutoCAD 2014建筑设计超级手册 张岩 等 机械工业出版社 9787111468820 新华书店 正版"
55080," Photoshop CS5实战从入门到精通(超值版) 龙马工作室著 人民邮电出版社 9787115371027 新华书"
55081," AutoCAD2014中文版从入门到精通 张莹 等 中国青年出版社 9787515320397 新华书店 正版保障"
55082," 从零开始 郭万军,李辉 人民邮电出版社 9787115333490 新华书店 正版保障"
55083," Pro/ENGINEER野火版5 0完全自学一本通(含DVD光盘2张) 应学成 电子工业出版社 97871212348"
55084," VMWARE VSPHERE 5 0虚拟化架构实战指南 何坤源 人民邮电出版社 9787115335395 新华书店"
55085," 计算机文化基础 耿焕同 科学出版社 9787030408457"
55086," 流计算和视频编码 张春元、文梅、苏华友、伍楠、任巨 科学出版社 9787030360007"
55087," Fireworks CS6中文版入门与提高实例教程(动态网站与网页设计教学与实践丛书) 胡仁喜著 机械工业出版社 97"
55088," 品悟 刘刚,丁鸣,李慧芳著 人民邮电出版社 9787115357892 新华书店 正版保障"
55089," CATIA V5基础教程(附光盘) 丁仁亮 机械工业出版社 9787111201762"
55090," Fireworks CS6中文版标准实例教程(动态网站与网页设计教学与实践丛书) 胡仁喜, 杨雪静著 机械工业出版社"
55091," 【全新正版】微机组装与维护实训教程(第三版) 李锦伟 9787030297723 科学出版社"
55092," 计算机视觉特征提取与图像处理(第三版) (英) Mark S. Nixon, Alberto S. Aguado著 电"
55093," After Effects影视合成与特效火星风暴(第3版) 张天骐著 人民邮电出版社 9787115373816"
55094," Visual C++应用开发与实践 刘乃琦 人民邮电出版社 9787115301055"
55095," AutoCAD建筑水暖电施工图设计从入门到精通 李波 机械工业出版社 9787111402831"
55096," UG NX 8 0完全自学一本通(含DVD光盘2张) 戚耀楠 电子工业出版社 9787121234910 新华书店 正"
55097," Java语言袖珍指南(第二版) [美]罗伯特·利古力(Robert Liguori ),[美] 帕特丽夏 中国电力出版"
55098," Ipad革命 (韩)韩荣洙,沈胜哲 吉林出版集团有限责任公司 9787553403816"
55099," CAE分析大系——ANSYS ICEM CFD工程实例详解 胡坤,李振北 人民邮电出版社 9787115350671"
55100," ANSYS 14 0理论解析与工程应用实例 张洪才 机械工业出版社 9787111403371"
55101," UG NX CAD/CAM丛书--UG NX 8 0中文版产品建模 吴明友,宋长森著 化学工业出版社 97871222"
55102," 商品目录语义集成与智能服务理论研究 陈冬林 ,聂规划,徐尚英 电子工业出版社 9787121217951 新华书店 正"
55103," 【全新正版】新手学Photoshop CS5图像处理与应用(超值双色版)1DVD 杰创文化 9787030296436"
55104," coreIDRAWX6平面广告设计经典228例(1DVD)(中青雄狮出品) 锐艺视觉 中国青年出版社 97875153"
55105," UG NX8三维设计全解视频精讲(含DVD9光盘1张) 叶国林 电子工业出版社 9787121192005"
55106," C语言程序设计教程实验指导与习题解答(第4版) 李丽娟 人民邮电出版社 9787115297303"
55107," C#应用开发与实践 胡学钢 人民邮电出版社 9787115297198"
55108," 从零开始 老虎工作室 赵博 艾萍著 人民邮电出版社 9787115331410 新华书店 正版保障"
55109," 精通DIV+CSS网页样式与布局(第二版)(配光盘) 何丽 清华大学出版社 9787302339557 新华书店 正版"
55110," 精通CSS+DIV——100%网页样式与布局密码 龙马工作室 人民邮电出版社 9787115349873 新华书店 正"
55111," 精通HTML+CSS——100%网页设计与布局密码 龙马工作室 人民邮电出版社 9787115351777 新华书店"
55112," UG NX8数控加工全解视频精讲(含DVD光盘1张) 卢彩元, 谢龙汉 电子工业出版社 9787121190582"
55113," 从零开始 李善锋,姜勇,谢卫标 人民邮电出版社 9787115331731 新华书店 正版保障"
55114," 韩国流行 时尚 精品的插画设计：专业设计师传授的独到技巧(附光盘) [韩] 李尚秦,博硕文化 中国铁道出版社 9787"
55115," UG NX 8 0工程应用实战精解 张安鹏,王妍琴 北京航空航天大学出版社 9787512409538"
55116," CimatronE10 0 数控加工看图速成(配光盘) 刘平安著 清华大学出版社 9787302302223"
55117," 【新书店正版】网店美工(全彩) *大学 电子工业出版社"
55118," 【新书店正版】UG NX8产品设计与工艺基本功特训(第2版)(含DVD光盘1张) 陈胜利 电子工业出版社"
55119," 中文版 Premiere Pro CC影视编辑全实例 王瀛,尹小港 海洋出版社 9787502787158 新华书店"
55120," C语言趣味编程100例(配光盘) 贾蓓 等 清华大学出版社 9787302338086 新华书店 正版保障"
55121," 21天精通HTML 5+CSS 3网页设计(含盘) 雨辰网络研究中心 中国铁道出版社 9787113171643 新华"
55122," 新编中文版Premiere pro CC标准教程 尹小港,高继勋 海洋出版社 9787502787141 新华书店 正"
55123," 中文版 Premiere Pro CC完全自学手册 郭发明,尹小港 海洋出版社 9787502787059 新华书店"
55124," 神奇的中文版Photoshop CC入门书(配光盘) 雷波 清华大学出版社 9787302343448 新华书店 正版"
55125," 新编中文版Flash CC标准教程 李敏虹,李林 海洋出版社 9787502787196 新华书店 正版保障"
55126," Tarch 8 5 天正建筑设计从入门到精通 李波,吕开平 清华大学出版社 9787302303961"
55127," NX CAD 初级建模实践教程(配光盘)(数字化工程与制造(CAD/CAM)实践丛书) 焦鹤 清华大学出版社 9787"
55128," AutoCAD建筑图纸绘制专家精讲(含盘) 云海科技 中国铁道出版社 9787113170196 新华书店 正版保障"
55129," 【新书店正版】VIP绝美Maya—SIGGRAPH获奖动画《佳人》制作全解(含DVD光盘1张)(全彩) 毛启超,朱廷华"
55130," 【新书店正版】UG NX 10 0从入门到精通(配全程语音视频教程)(含DVD光盘1张) 展迪优著 电子工业出版社"
55131," 建筑专业CAD绘图技巧快速提高 谭荣伟著 化学工业出版社 9787122155863"
55132," 完全掌握 贾勇,等 清华大学出版社 9787302303046"
55133," 商业智能在电子商务中的实践和应用 黄建鹏,徐晓冬,魏宝军 东南大学出版社 9787564137977"
55134," 创意：Photoshop CS5网页设计与配色实战攻略(配光盘) 方宁 清华大学出版社 9787302293569"
55135," CAD/CAM/CAE软件入门与提高：AutoCAD 2013中文版入门与提高(附光盘1张) 胡仁喜,卢园 等 化学工"
55136," 例说TI ARM Cortex-M3--基于LM3S9B96(内附光盘1张) 孙雪飞 北京航空航天大学出版社 9787"
55137," Flash CS6中文版从入门到精通(附DVD光盘1张) 胡崧,李敏,张伟 等 中国青年出版社 97875153125"
55138," 【全新正版】一看即会—电脑日常维护与故障排除(CD)(全彩) 杰创文化著 9787030269201 科学出版社"
55139," 【新书店正版】万水ANSYS技术丛书：ANSYS ICEM CFD网格划分技术实例详解(附DVD光盘1张) 纪兵兵,陈"
55140," 【新书店正版】手机游戏创作 石民勇 高等教育出版社"
55141," 【全新正版】FREE-BOX 3ds Max建筑模型完全学习手册 高月,郭玉泉 9787030260581 科学出版社"
55142," Auto CAD2005中文版基本功能与典型实例(附CD-ROM光盘一张) 9787115131256 人民邮电出版社"
55143," 计算机原理与接口技术--面向21世纪高职高专计算机专业教材 9787114049316 人民交通出版社"
55144," 【全新正版】中文版Dreamweaver CS4案例教程(1CD) 龙腾科技 9787030243683 科学出版社"
55145," 【新书店正版】Premiere Pro CS4视频编辑经典150例(附光盘) 王同杰著 中国青年出版社"
55146," UNI络编程 卷2：进程间通信(英文版 第2版) 9787115215116 人民邮电出版社"
55147," 新手学Photoshop CS5数码照片处理 9787115245977 人民邮电出版社"
55148," 新手学电脑组装与维护 9787115242990 人民邮电出版社"
55149," Delphi 范例完全自学手册(附光盘) 9787115219961 人民邮电出版社"
55150," 【新书店正版】21天学通JavaScript(第4版) 马翠翠著 电子工业出版社"
55151," VRay渲染巨匠火星风暴(第2版) 9787115287243 人民邮电出版社"
55152," 【新书店正版】数据中心资源优化调度：理论与实践 田文洪,赵勇 电子工业出版社"
55153," 【新书店正版】Photoshop，超简单！ 朱仁成著 人民邮电出版社"
55154," Pro/ENGINEER Wildfire 3 0零件设计与数控制造(中文版) 9787121033490 电子工业出"
55155," 【新书店正版】中文版3dsMax室内效果图设计经典案例(赠光盘1张) 一线科技 卓文 上海科学普及出版社"
55156," 3ds max 8动画制作入门、进阶与提高(附光盘) 9787121033209 电子工业出版社"
55157," 【新书店正版】技艺非凡Photoshop 绘画技法大揭秘(配光盘) 赵露,陈路石著 清华大学出版社"
55158," 【新书店正版】Visual C#网络编程 郑阿奇 电子工业出版社"
55159," 【新书店正版】C# 2008数据库入门经典(第4版) (美)阿格沃尔,(美)哈德莱斯顿,沈洁,杨华 清华大学出版社"
55160," Unity着色器和屏幕特效开发秘笈(原书第2版) 9787111564423"
55161," Adobe Audition声音后期处理实战手册（货号：S1) 9787121315558 电子工业出版社 赵阳光威尔"
55162," 嵌入式FAT32文件 正版 于振南作 9787512414853"
55163," AutoCAD机械设计标准教程 慕课版 9787115422507"
55164," 【新书店正版】3ds Max8基础教程 张晗,王安娜 清华大学出版社"
55165," 【新书店正版】IllustratorCS5平面设计30日速成(附光盘) 郑晓洁,夏永恒 化学工业出版社"
55166," 【新书店正版】ANSYS11 0有限元分析入门与提高(附光盘) 胡国良,任继文著 国防工业出版社"
55167," 图解Windows 10平板电脑电路原理和维修 师彦祥著 9787121297649"
55168," ProENGINEER实 用教程/三维CAD软件实用教程丛书 正版 9787560625195"
55169," 【新书店正版】详解AutoCAD 2009电气设计(含DVD光盘1张) 胡仁喜 电子工业出版社"
55170," 新一代SDN VMware NSX 网络原理与实践 范恂毅,张晓和 9787115419224"
55171," 【新书店正版】51/96系列单片机原理及应用(修订版) 孙涵芳 北京航空航天大学出版社"
55172," 【新书店正版】SolidWorks三维设计一点通(附光盘) 邢启恩 化学工业出版社"
55173," 【新书店正版】VIP-中国风 刘孟辉,刘亚利,周琳 清华大学出版社"
55174," 【新书店正版】产品设计创意表达：GorelDRAW Photoshop 周艳 机械工业出版社"
55175," 【新书店正版】Photoshop广告设计艺术(第二版) 赵明,周幸子,雷波著 中国电力出版社"
55176," 【新书店正版】数字逻辑(第2版) 鲍家元,毛文林 高等教育出版社"
55177," 【新书店正版】服装CAD实用制版技术 格柏篇 张辉,郭瑞良,金宁著 中国纺织出版社"
55178," 【新书店正版】AutoCAD施工图绘制与实训教程 王华斌 李吉 武汉大学出版社"
55179," 【新书店正版】3ds Max 2010+VRay材质、灯光、渲染与特效表现艺术(含DVD光盘1张)(全彩) 点智文化著"
55180," 【新书店正版】计算机组装、维护与维修项目教程 刘洋,曲大海 中航出版传媒有限责任公司"
55181," 【新书店正版】UNIX/Linux应用基础教程 范伟,杨宏雨,张栋,王森 清华大学出版社"
55182," 【新书店正版】云迁移技术(第2版)(微软云计算系列丛书) 贝茨 等 清华大学出版社"
55183," 几何拓扑:局部性、周期性和伽罗瓦对称性:localization, periodicity and Galois sy"
55184," 【新书店正版】实用软件工程(第2版) 郑人杰 等 清华大学出版社"
55185," 剑指Offer名企面试官精讲典型编程题 第二版+编程之美微软技术面试心得 全2册 程序员面试宝典 程序员书籍"
55186," Java项目开发全程实录(第3版)(配光盘)(软件项目开发全程实录) 王国辉,宋禹蒙 清华大学出版社"
55187," 【新书店正版】中文版AutoCAD 2010电气设计(配光盘)(AutoCAD 2010应用与开发系列) 梁玲,王宪生"
55188," 【新书店正版】AutoCAD 2008中文版应用教程 曾令宜,华顺刚 电子工业出版社"
55189," 【新书店正版】Hibernate逍遥游记(含CD光盘1张) 孙卫琴著 电子工业出版社"
55190," 【新书店正版】多媒体界面设计(含CD光盘1张)(全彩) 严晨 电子工业出版社"
55191," 【新书店正版】Photoshop热门手机APP与网页游戏界面设计从入门到精通 楚飞著 人民邮电出版社"
55192," 【科学社】数字图像处理算法研究"
55193," 【新书店正版】3dsMax 2010基础教程 同济大学出版社"
55194," 【新书店正版】Google Android开发入门指南(第2版)(附光盘)(Android初学者的学习教程 ) 盖索林"
55195," 【新书店正版】Java Web应用技术与案例教程 杨树林 ,胡洁萍著 人民邮电出版社"
55196," 【新书店正版】计算机组成原理与汇编语言程序设计(第3版) 徐洁俸远祯 电子工业出版社"
55197," 少儿编程套装3本 Scratch高手密码少儿创意动画少儿创意游戏编程程序设计教程小学生自学Scratch2.0编程动手"
55198," 【新书店正版】Auto CAD 2010建筑设计标准教程 易璐,朱华,李玉丽 中国青年出版社"
55199," 中文版CorelDRAW X6艺术设计实训案例教程（货号：B1） 周晓峰、倪娜、左花苹、赖文清 97875153106"
55200," 中文版SketchUpPro 2015实训案例教程（货号：B1） 汪振泽、李娜、肖洁、容强、陈贞、唐坤剑 978751"
55201," 全2册】Adobe Audition声音后期处理实战手册+FL Studio 11音乐制作从入门到精通人声录音混音音频"
55202," 中文版AutoCAD2014 家具设计 实训案例教程（货号：B1） 王海文 等 9787515325514 中国青年出"
55203," 套装2本】ae教程书籍 prcc软件自学入门到精通 视频影视后期制作处理自学AE软件 视频编辑视频剪辑制作 Pr零基础"
55204," 【现货】奔跑吧 Linux内核 入门篇 内存管理 进程管理 同步机制 调试方法 内核的机制和原理 ubuntu编译内核"
55205," HTML5开发手册 [美]Chuck Hudson [英]Tom Leadbetter,廖望 人民邮电出版社 9787"
55206," 【新书店正版】标签:标记系统设计实践 (美)Gene Smith 机械工业出版社 9787111385981"
55207," 微信营销实战秘籍 入门与进阶 微信发圈文案软文营销技巧 玩转微商微信朋友圈 公众号推广营销 互联网微信营销与运营图书籍"
55208," HTML5和CSS3实例教程(Web和移动开发必读) 9787115267245 [美]Brian P. Hogan"
55209," 计算机统考教程( 货号:730246496)"
55210," Fit沸腾英语高二三合一 限时训练 第五次修订 3合1高二完形+阅读理解含七选五+写作 精选160篇 高二英语专项训练"
55211," 【新书店正版】AutoCAD 2009 土木建筑制图 谢美芝、陈倩华、陈国光 清华大学出版社"
55212," 集群智能及其应用 科学出版社"
55213," C++程序设计与案例分析（货号：B1） 范海波 9787121118104 电子工业出版社书源图书专营店"
55214," 新编计算机基础教程（Windows 7+Office 2010版）"
55215," C++ Primer中文版第5版C++编程从入门到精通C++编程零基础自学教程书籍C++语言经典教材计算机程序设计开发"
55216," Java 8实战 Java 8新特性指南 Java 8函数式编程教程书籍 java基础教程 函数式数据处理 高效Jav"
55217," 数学建模算法与应用 套装（全两册）数学建模算法与应用+数学建模算法与应用习题解答 司守奎 等"
55218," Visual Basic程序设计基础（货号：B1） 孟东霞 9787121192951 电子工业出版社书源图书专营店"
55219," 电子商务网页图像制作（货号：B1） 邓宁 9787121287336 电子工业出版社书源图书专营店"
